SHUTTER_SPEED,CLIP,TIME_MIN,TIME_SEC,TIME_FLAME,ATTACK_CODE,ATTACKER_NOSE_POSITION_X,ATTACKER_NOSE_POSITION_Y,ATTACKER_LEFT_EYE_POSITION_X,ATTACKER_LEFT_EYE_POSITION_Y,ATTACKER_RIGHT_EYE_POSITION_X,ATTACKER_RIGHT_EYE_POSITION_Y,ATTACKER_LEFT_EAR_POSITION_X,ATTACKER_LEFT_EAR_POSITION_Y,ATTACKER_RIGHT_EAR_POSITION_X,ATTACKER_RIGHT_EAR_POSITION_Y,ATTACKER_LEFT_SHOULDER_POSITION_X,ATTACKER_LEFT_SHOULDER_POSITION_Y,ATTACKER_RIGHT_SHOULDER_POSITION_X,ATTACKER_RIGHT_SHOULDER_POSITION_Y,ATTACKER_LEFT_ELBOW_POSITION_X,ATTACKER_LEFT_ELBOW_POSITION_Y,ATTACKER_RIGHT_ELBOW_POSITION_X,ATTACKER_RIGHT_ELBOW_POSITION_Y,ATTACKER_LEFT_WRIST_POSITION_X,ATTACKER_LEFT_WRIST_POSITION_Y,ATTACKER_RIGHT_WRIST_POSITION_X,ATTACKER_RIGHT_WRIST_POSITION_Y,ATTACKER_LEFT_HIP_POSITION_X,ATTACKER_LEFT_HIP_POSITION_Y,ATTACKER_RIGHT_HIP_POSITION_X,ATTACKER_RIGHT_HIP_POSITION_Y,ATTACKER_LEFT_KNEE_POSITION_X,ATTACKER_LEFT_KNEE_POSITION_Y,ATTACKER_RIGHT_KNEE_POSITION_X,ATTACKER_RIGHT_KNEE_POSITION_Y,ATTACKER_LEFT_ANKLE_POSITION_X,ATTACKER_LEFT_ANKLE_POSITION_Y,ATTACKER_RIGHT_ANKLE_POSITION_X,ATTACKER_RIGHT_ANKLE_POSITION_Y,DEFENDER_NOSE_POSITION_X,DEFENDER_NOSE_POSITION_Y,DEFENDER_LEFT_EYE_POSITION_X,DEFENDER_LEFT_EYE_POSITION_Y,DEFENDER_RIGHT_EYE_POSITION_X,DEFENDER_RIGHT_EYE_POSITION_Y,DEFENDER_LEFT_EAR_POSITION_X,DEFENDER_LEFT_EAR_POSITION_Y,DEFENDER_RIGHT_EAR_POSITION_X,DEFENDER_RIGHT_EAR_POSITION_Y,DEFENDER_LEFT_SHOULDER_POSITION_X,DEFENDER_LEFT_SHOULDER_POSITION_Y,DEFENDER_RIGHT_SHOULDER_POSITION_X,DEFENDER_RIGHT_SHOULDER_POSITION_Y,DEFENDER_LEFT_ELBOW_POSITION_X,DEFENDER_LEFT_ELBOW_POSITION_Y,DEFENDER_RIGHT_ELBOW_POSITION_X,DEFENDER_RIGHT_ELBOW_POSITION_Y,DEFENDER_LEFT_WRIST_POSITION_X,DEFENDER_LEFT_WRIST_POSITION_Y,DEFENDER_RIGHT_WRIST_POSITION_X,DEFENDER_RIGHT_WRIST_POSITION_Y,DEFENDER_LEFT_HIP_POSITION_X,DEFENDER_LEFT_HIP_POSITION_Y,DEFENDER_RIGHT_HIP_POSITION_X,DEFENDER_RIGHT_HIP_POSITION_Y,DEFENDER_LEFT_KNEE_POSITION_X,DEFENDER_LEFT_KNEE_POSITION_Y,DEFENDER_RIGHT_KNEE_POSITION_X,DEFENDER_RIGHT_KNEE_POSITION_Y,DEFENDER_LEFT_ANKLE_POSITION_X,DEFENDER_LEFT_ANKLE_POSITION_Y,DEFENDER_RIGHT_ANKLE_POSITION_X,DEFENDER_RIGHT_ANKLE_POSITION_Y,ATTACKER_NOSE_STATUS,ATTACKER_LEFT_EYE_STATUS,ATTACKER_RIGHT_EYE_STATUS,ATTACKER_LEFT_EAR_STATUS,ATTACKER_RIGHT_EAR_STATUS,ATTACKER_LEFT_SHOULDER_STATUS,ATTACKER_RIGHT_SHOULDER_STATUS,ATTACKER_LEFT_ELBOW_STATUS,ATTACKER_RIGHT_ELBOW_STATUS,ATTACKER_LEFT_WRIST_STATUS,ATTACKER_RIGHT_WRIST_STATUS,ATTACKER_LEFT_HIP_STATUS,ATTACKER_RIGHT_HIP_STATUS,ATTACKER_LEFT_KNEE_STATUS,ATTACKER_RIGHT_KNEE_STATUS,ATTACKER_LEFT_ANKLE_STATUS,ATTACKER_RIGHT_ANKLE_STATUS,DEFENDER_NOSE_STATUS,DEFENDER_LEFT_EYE_STATUS,DEFENDER_RIGHT_EYE_STATUS,DEFENDER_LEFT_EAR_STATUS,DEFENDER_RIGHT_EAR_STATUS,DEFENDER_LEFT_SHOULDER_STATUS,DEFENDER_RIGHT_SHOULDER_STATUS,DEFENDER_LEFT_ELBOW_STATUS,DEFENDER_RIGHT_ELBOW_STATUS,DEFENDER_LEFT_WRIST_STATUS,DEFENDER_RIGHT_WRIST_STATUS,DEFENDER_LEFT_HIP_STATUS,DEFENDER_RIGHT_HIP_STATUS,DEFENDER_LEFT_KNEE_STATUS,DEFENDER_RIGHT_KNEE_STATUS,DEFENDER_LEFT_ANKLE_STATUS,DEFENDER_RIGHT_ANKLE_STATUS
1500,11,0,25,34,1MLA,304,243,292,231,305,230,254,235,268,235,258,299,302,284,342,346,346,329,407,349,370,323,253,458,333,429,228,539,412,484,144,561,448,562,485,224,506,215,502,215,518,234,515,233,523,289,503,300,485,333,419,337,453,360,398,284,454,457,458,475,498,539,307,548,570,622,290,634,CONFIRM,CONFIRM,CONFIRM,CONFIRM,UNCLEAR,CONFIRM,CONFIRM,CONFIRM,UNCLEAR,CONFIRM,CONFIRM,CONFIRM,CONFIRM,CONFIRM,UNCLEAR,OUT_OF_RANGE,OUT_OF_RANGE,CONFIRM,UNCLEAR,CONFIRM,UNCLEAR,CONFIRM,UNCLEAR,CONFIRM,UNCLEAR,CONFIRM,UNCLEAR,CONFIRM,UNCLEAR,CONFIRM,OUT_OF_RANGE,OUT_OF_RANGE,OUT_OF_RANGE,OUT_OF_RANGE
1500,11,0,35,55,1MLA,280,236,266,224,272,224,227,225,233,226,229,296,246,288,335,314,295,361,418,324,327,343,212,446,287,432,176,549,395,517,101,624,453,613,486,156,510,148,482,145,521,163,498,166,594,245,472,226,625,356,358,289,574,367,332,279,563,459,460,446,600,572,364,551,628,678,338,657,CONFIRM,CONFIRM,UNCLEAR,CONFIRM,UNCLEAR,CONFIRM,UNCLEAR,CONFIRM,CONFIRM,CONFIRM,CONFIRM,CONFIRM,CONFIRM,OUT_OF_RANGE,UNCLEAR,OUT_OF_RANGE,OUT_OF_RANGE,UNCLEAR,UNCLEAR,UNCLEAR,UNCLEAR,UNCLEAR,CONFIRM,CONFIRM,CONFIRM,CONFIRM,CONFIRM,CONFIRM,CONFIRM,CONFIRM,OUT_OF_RANGE,OUT_OF_RANGE,OUT_OF_RANGE,OUT_OF_RANGE
1500,18,1,10,33,1MLA,765,172,763,163,784,168,793,184,822,196,736,250,844,268,625,263,791,320,540,279,726,241,751,469,804,479,779,546,685,546,828,648,631,656,458,135,444,120,452,119,395,133,407,131,319,211,487,215,292,314,506,306,360,340,541,263,360,449,467,430,284,548,567,542,221,660,613,672,CONFIRM,CONFIRM,CONFIRM,UNCLEAR,CONFIRM,CONFIRM,CONFIRM,CONFIRM,CONFIRM,CONFIRM,CONFIRM,UNCLEAR,CONFIRM,OUT_OF_RANGE,OUT_OF_RANGE,OUT_OF_RANGE,OUT_OF_RANGE,CONFIRM,CONFIRM,CONFIRM,CONFIRM,UNCLEAR,CONFIRM,CONFIRM,CONFIRM,CONFIRM,CONFIRM,CONFIRM,CONFIRM,CONFIRM,OUT_OF_RANGE,OUT_OF_RANGE,OUT_OF_RANGE,OUT_OF_RANGE
1500,9,0,32,54,1MLF,272,227,266,216,259,216,253,216,247,216,241,278,189,272,345,282,286,318,472,291,315,249,160,491,242,454,148,606,353,492,56,648,411,584,514,196,529,182,529,182,565,201,565,201,520,242,549,291,452,250,488,364,362,209,406,343,618,426,552,454,649,528,426,523,732,574,393,624,UNCLEAR,UNCLEAR,UNCLEAR,CONFIRM,UNCLEAR,CONFIRM,UNCLEAR,CONFIRM,CONFIRM,CONFIRM,CONFIRM,CONFIRM,CONFIRM,OUT_OF_RANGE,CONFIRM,OUT_OF_RANGE,OUT_OF_RANGE,CONFIRM,CONFIRM,CONFIRM,CONFIRM,CONFIRM,CONFIRM,CONFIRM,CONFIRM,CONFIRM,CONFIRM,CONFIRM,CONFIRM,CONFIRM,CONFIRM,CONFIRM,OUT_OF_RANGE,OUT_OF_RANGE
1500,15,0,12,36,1MLF,378,180,385,166,380,166,426,183,421,190,452,221,413,242,350,218,346,243,261,221,288,179,529,442,467,444,529,560,338,497,613,628,317,608,169,93,158,78,179,79,114,84,174,88,92,157,216,148,97,254,260,199,119,275,253,193,136,334,235,321,66,451,302,429,76,523,362,522,CONFIRM,UNCLEAR,UNCLEAR,UNCLEAR,CONFIRM,UNCLEAR,CONFIRM,CONFIRM,CONFIRM,CONFIRM,CONFIRM,CONFIRM,CONFIRM,OUT_OF_RANGE,CONFIRM,OUT_OF_RANGE,OUT_OF_RANGE,CONFIRM,CONFIRM,CONFIRM,CONFIRM,UNCLEAR,CONFIRM,CONFIRM,CONFIRM,CONFIRM,CONFIRM,CONFIRM,CONFIRM,CONFIRM,CONFIRM,CONFIRM,CONFIRM,CONFIRM
1500,18,0,33,30,1MLF,470,178,484,170,484,170,514,192,514,192,490,237,546,265,413,242,570,373,329,226,489,337,579,425,540,437,657,527,413,489,744,563,394,585,152,85,136,72,157,75,93,81,160,83,59,153,195,146,48,236,245,215,107,285,277,197,121,328,196,318,104,471,259,428,84,550,289,518,CONFIRM,CONFIRM,CONFIRM,CONFIRM,CONFIRM,CONFIRM,CONFIRM,CONFIRM,CONFIRM,CONFIRM,CONFIRM,CONFIRM,CONFIRM,CONFIRM,CONFIRM,OUT_OF_RANGE,OUT_OF_RANGE,CONFIRM,CONFIRM,CONFIRM,CONFIRM,UNCLEAR,CONFIRM,CONFIRM,CONFIRM,CONFIRM,CONFIRM,CONFIRM,CONFIRM,CONFIRM,CONFIRM,CONFIRM,OUT_OF_RANGE,CONFIRM
1500,19,0,31,4,1MLF,505,221,515,214,512,214,544,229,538,230,512,255,542,287,449,285,480,311,372,283,457,258,610,402,568,412,657,480,448,447,775,510,430,536,276,168,266,160,280,159,232,172,263,173,207,227,304,219,194,283,391,257,248,264,423,265,234,380,320,371,193,484,381,436,190,530,424,512,CONFIRM,UNCLEAR,CONFIRM,UNCLEAR,CONFIRM,UNCLEAR,CONFIRM,CONFIRM,CONFIRM,CONFIRM,CONFIRM,CONFIRM,CONFIRM,CONFIRM,CONFIRM,CONFIRM,CONFIRM,CONFIRM,CONFIRM,CONFIRM,CONFIRM,UNCLEAR,CONFIRM,CONFIRM,CONFIRM,CONFIRM,CONFIRM,CONFIRM,CONFIRM,CONFIRM,CONFIRM,CONFIRM,CONFIRM,CONFIRM
1500,22,0,13,41,1MLF,671,128,687,118,687,118,737,134,737,134,680,187,786,222,585,248,719,313,518,278,649,263,796,398,761,407,837,496,645,510,938,571,627,636,395,106,380,94,394,94,333,100,349,100,291,193,431,168,302,292,464,251,354,276,498,233,372,391,483,373,326,526,544,477,276,595,605,596,CONFIRM,CONFIRM,CONFIRM,CONFIRM,CONFIRM,CONFIRM,CONFIRM,CONFIRM,CONFIRM,CONFIRM,CONFIRM,CONFIRM,CONFIRM,CONFIRM,CONFIRM,OUT_OF_RANGE,OUT_OF_RANGE,CONFIRM,CONFIRM,CONFIRM,CONFIRM,UNCLEAR,CONFIRM,CONFIRM,CONFIRM,CONFIRM,CONFIRM,CONFIRM,CONFIRM,CONFIRM,CONFIRM,CONFIRM,OUT_OF_RANGE,OUT_OF_RANGE
1500,22,1,27,54,1MLF,778,341,772,327,798,340,765,322,838,345,748,353,876,397,696,374,831,491,625,389,766,434,913,552,827,566,952,620,796,609,1014,655,745,687,567,220,558,204,558,204,530,209,530,209,470,265,542,274,461,368,585,343,543,407,633,331,447,480,531,452,439,577,607,521,453,658,551,614,CONFIRM,CONFIRM,CONFIRM,CONFIRM,CONFIRM,CONFIRM,CONFIRM,CONFIRM,CONFIRM,CONFIRM,CONFIRM,OUT_OF_RANGE,OUT_OF_RANGE,OUT_OF_RANGE,OUT_OF_RANGE,OUT_OF_RANGE,OUT_OF_RANGE,CONFIRM,CONFIRM,CONFIRM,CONFIRM,CONFIRM,CONFIRM,CONFIRM,CONFIRM,CONFIRM,CONFIRM,CONFIRM,CONFIRM,CONFIRM,OUT_OF_RANGE,CONFIRM,OUT_OF_RANGE,OUT_OF_RANGE
1500,14,0,52,41,1MLS,534,206,529,200,520,199,518,205,516,205,560,240,470,250,618,235,447,279,651,230,483,299,493,359,523,344,447,448,576,331,360,443,587,399,673,159,680,153,680,153,702,159,702,159,691,199,687,208,673,221,650,246,660,229,637,220,696,317,691,317,726,375,617,370,789,413,621,455,CONFIRM,UNCLEAR,UNCLEAR,CONFIRM,UNCLEAR,CONFIRM,CONFIRM,CONFIRM,CONFIRM,CONFIRM,UNCLEAR,CONFIRM,CONFIRM,CONFIRM,CONFIRM,CONFIRM,CONFIRM,CONFIRM,CONFIRM,CONFIRM,CONFIRM,CONFIRM,UNCLEAR,CONFIRM,UNCLEAR,CONFIRM,UNCLEAR,CONFIRM,CONFIRM,CONFIRM,CONFIRM,CONFIRM,CONFIRM,CONFIRM
1500,22,0,29,5,1MLS,409,214,424,203,419,200,466,212,476,222,464,271,508,311,365,288,425,400,271,292,362,360,597,479,540,494,611,570,414,558,713,627,365,648,241,113,222,102,241,102,178,113,211,112,184,156,215,177,260,202,255,288,355,205,267,270,161,411,259,387,88,537,358,495,46,566,416,594,CONFIRM,CONFIRM,UNCLEAR,UNCLEAR,CONFIRM,CONFIRM,CONFIRM,CONFIRM,CONFIRM,CONFIRM,CONFIRM,CONFIRM,CONFIRM,OUT_OF_RANGE,OUT_OF_RANGE,OUT_OF_RANGE,OUT_OF_RANGE,CONFIRM,CONFIRM,CONFIRM,CONFIRM,UNCLEAR,CONFIRM,UNCLEAR,CONFIRM,CONFIRM,CONFIRM,CONFIRM,CONFIRM,CONFIRM,OUT_OF_RANGE,CONFIRM,OUT_OF_RANGE,OUT_OF_RANGE
1500,18,0,16,48,1MRS,604,303,584,299,616,295,536,286,618,255,401,302,599,284,311,335,679,287,389,417,767,303,424,507,523,491,382,609,639,572,256,667,694,688,795,118,790,108,814,112,783,118,854,139,809,188,845,202,793,269,765,255,766,332,670,216,802,393,802,393,822,518,711,564,866,584,682,668,CONFIRM,UNCLEAR,UNCLEAR,CONFIRM,UNCLEAR,CONFIRM,UNCLEAR,CONFIRM,CONFIRM,CONFIRM,CONFIRM,CONFIRM,CONFIRM,OUT_OF_RANGE,OUT_OF_RANGE,OUT_OF_RANGE,OUT_OF_RANGE,CONFIRM,CONFIRM,CONFIRM,UNCLEAR,CONFIRM,UNCLEAR,CONFIRM,UNCLEAR,CONFIRM,UNCLEAR,CONFIRM,CONFIRM,CONFIRM,OUT_OF_RANGE,OUT_OF_RANGE,OUT_OF_RANGE,OUT_OF_RANGE
1500,12,0,14,13,1ULA,188,59,179,48,179,48,155,53,157,53,168,128,122,146,304,114,185,229,405,105,283,201,154,347,201,329,228,493,287,478,207,597,280,548,487,75,493,65,477,65,510,67,474,71,569,128,456,134,601,211,427,225,534,218,379,211,567,309,503,314,527,430,477,430,457,535,545,530,CONFIRM,CONFIRM,CONFIRM,CONFIRM,UNCLEAR,CONFIRM,UNCLEAR,CONFIRM,CONFIRM,CONFIRM,CONFIRM,CONFIRM,CONFIRM,CONFIRM,CONFIRM,OUT_OF_RANGE,OUT_OF_RANGE,UNCLEAR,UNCLEAR,UNCLEAR,UNCLEAR,CONFIRM,CONFIRM,CONFIRM,CONFIRM,CONFIRM,UNCLEAR,CONFIRM,CONFIRM,CONFIRM,CONFIRM,CONFIRM,CONFIRM,CONFIRM
1500,17,0,59,37,1ULA,193,184,180,179,194,182,155,191,196,194,146,222,202,245,182,199,218,304,230,176,196,264,161,366,215,354,146,458,294,453,131,507,334,512,331,172,342,166,322,164,360,183,302,177,381,228,266,223,378,310,237,236,332,299,212,245,373,356,295,370,461,449,293,480,456,534,346,559,CONFIRM,CONFIRM,UNCLEAR,CONFIRM,UNCLEAR,CONFIRM,CONFIRM,CONFIRM,CONFIRM,CONFIRM,CONFIRM,CONFIRM,CONFIRM,CONFIRM,CONFIRM,CONFIRM,CONFIRM,UNCLEAR,CONFIRM,UNCLEAR,UNCLEAR,UNCLEAR,CONFIRM,CONFIRM,CONFIRM,CONFIRM,UNCLEAR,CONFIRM,CONFIRM,CONFIRM,CONFIRM,CONFIRM,CONFIRM,OUT_OF_RANGE
1500,21,0,42,24,1ULA,795,113,779,106,792,99,741,129,784,114,754,168,803,169,850,169,807,191,937,166,848,191,737,355,788,349,668,432,833,416,579,501,825,504,961,92,980,85,980,85,994,103,994,103,957,134,981,186,898,129,930,242,855,114,852,220,953,368,934,368,935,464,857,463,987,558,845,588,CONFIRM,CONFIRM,CONFIRM,CONFIRM,UNCLEAR,CONFIRM,UNCLEAR,CONFIRM,UNCLEAR,CONFIRM,CONFIRM,CONFIRM,CONFIRM,CONFIRM,CONFIRM,CONFIRM,CONFIRM,OUT_OF_RANGE,OUT_OF_RANGE,OUT_OF_RANGE,OUT_OF_RANGE,OUT_OF_RANGE,CONFIRM,OUT_OF_RANGE,CONFIRM,CONFIRM,CONFIRM,CONFIRM,UNCLEAR,CONFIRM,OUT_OF_RANGE,CONFIRM,OUT_OF_RANGE,OUT_OF_RANGE
1500,21,1,2,55,1ULA,628,92,635,79,635,79,661,83,661,83,652,138,658,168,567,147,587,243,506,147,514,270,737,342,663,338,696,488,561,415,687,602,528,533,467,165,457,154,457,154,428,160,428,160,458,223,440,215,488,296,412,307,526,287,463,292,443,388,481,370,392,522,540,460,332,575,553,572,CONFIRM,CONFIRM,CONFIRM,CONFIRM,CONFIRM,CONFIRM,CONFIRM,CONFIRM,CONFIRM,CONFIRM,CONFIRM,CONFIRM,CONFIRM,CONFIRM,CONFIRM,OUT_OF_RANGE,CONFIRM,CONFIRM,CONFIRM,CONFIRM,CONFIRM,CONFIRM,CONFIRM,UNCLEAR,CONFIRM,UNCLEAR,CONFIRM,UNCLEAR,CONFIRM,CONFIRM,CONFIRM,CONFIRM,OUT_OF_RANGE,OUT_OF_RANGE
1500,4,0,15,36,1ULF,534,203,534,191,549,199,554,206,578,218,517,245,604,265,451,252,614,355,340,241,557,346,598,412,584,421,651,480,498,483,731,530,465,576,234,187,223,182,224,182,185,188,187,188,132,255,250,245,172,331,272,309,242,296,313,301,179,421,274,394,172,547,349,495,169,630,426,580,CONFIRM,CONFIRM,CONFIRM,UNCLEAR,CONFIRM,CONFIRM,CONFIRM,CONFIRM,CONFIRM,CONFIRM,CONFIRM,CONFIRM,CONFIRM,CONFIRM,CONFIRM,CONFIRM,OUT_OF_RANGE,CONFIRM,CONFIRM,CONFIRM,CONFIRM,CONFIRM,CONFIRM,CONFIRM,CONFIRM,CONFIRM,CONFIRM,CONFIRM,CONFIRM,CONFIRM,OUT_OF_RANGE,CONFIRM,OUT_OF_RANGE,OUT_OF_RANGE
1500,4,0,16,13,1ULF,308,212,300,205,301,206,273,222,273,222,309,276,269,271,388,279,295,356,428,239,341,347,247,430,292,422,201,509,381,491,130,581,402,581,469,192,476,184,478,185,510,194,510,194,483,230,503,268,425,246,446,311,350,239,369,312,525,395,502,406,564,467,402,479,648,535,397,578,CONFIRM,CONFIRM,CONFIRM,CONFIRM,CONFIRM,CONFIRM,UNCLEAR,CONFIRM,UNCLEAR,CONFIRM,CONFIRM,CONFIRM,CONFIRM,CONFIRM,CONFIRM,OUT_OF_RANGE,OUT_OF_RANGE,CONFIRM,CONFIRM,CONFIRM,CONFIRM,CONFIRM,CONFIRM,CONFIRM,CONFIRM,CONFIRM,CONFIRM,CONFIRM,CONFIRM,CONFIRM,CONFIRM,CONFIRM,CONFIRM,OUT_OF_RANGE
1500,5,0,15,37,1ULF,602,164,615,157,614,159,645,173,649,176,571,213,717,246,506,219,753,309,421,209,764,351,578,402,686,427,504,461,719,560,491,563,751,659,304,201,288,193,306,194,257,203,285,203,221,255,330,270,236,318,370,334,276,275,407,370,222,433,312,428,139,521,373,509,145,623,316,606,CONFIRM,UNCLEAR,CONFIRM,UNCLEAR,CONFIRM,CONFIRM,CONFIRM,CONFIRM,CONFIRM,CONFIRM,CONFIRM,CONFIRM,CONFIRM,CONFIRM,OUT_OF_RANGE,OUT_OF_RANGE,OUT_OF_RANGE,CONFIRM,CONFIRM,CONFIRM,CONFIRM,UNCLEAR,CONFIRM,CONFIRM,CONFIRM,CONFIRM,CONFIRM,CONFIRM,CONFIRM,CONFIRM,CONFIRM,CONFIRM,OUT_OF_RANGE,OUT_OF_RANGE
1500,5,0,22,35,1ULF,677,143,693,135,687,135,726,150,716,153,690,194,739,232,651,191,662,302,615,172,635,238,694,396,671,402,719,512,582,500,785,590,558,615,552,137,540,128,560,130,508,144,565,149,530,202,559,209,612,243,540,255,656,221,570,271,519,374,571,362,459,480,628,478,421,517,642,574,CONFIRM,UNCLEAR,CONFIRM,UNCLEAR,CONFIRM,CONFIRM,CONFIRM,CONFIRM,CONFIRM,CONFIRM,CONFIRM,CONFIRM,CONFIRM,CONFIRM,CONFIRM,OUT_OF_RANGE,OUT_OF_RANGE,CONFIRM,CONFIRM,CONFIRM,CONFIRM,CONFIRM,CONFIRM,UNCLEAR,CONFIRM,UNCLEAR,CONFIRM,CONFIRM,CONFIRM,CONFIRM,CONFIRM,CONFIRM,CONFIRM,OUT_OF_RANGE
1500,8,0,10,26,1ULF,463,117,476,108,473,108,490,121,482,121,470,175,483,204,379,178,410,281,316,153,377,242,541,383,455,391,583,499,379,501,651,598,372,599,232,86,221,73,241,77,186,67,241,83,131,133,267,150,136,232,297,214,191,280,304,183,123,316,208,326,112,431,256,398,71,490,249,470,UNCLEAR,UNCLEAR,UNCLEAR,UNCLEAR,CONFIRM,CONFIRM,CONFIRM,CONFIRM,CONFIRM,CONFIRM,CONFIRM,CONFIRM,CONFIRM,CONFIRM,CONFIRM,OUT_OF_RANGE,OUT_OF_RANGE,CONFIRM,CONFIRM,CONFIRM,CONFIRM,UNCLEAR,CONFIRM,CONFIRM,CONFIRM,CONFIRM,CONFIRM,CONFIRM,CONFIRM,CONFIRM,CONFIRM,CONFIRM,CONFIRM,CONFIRM
1500,11,0,12,50,1ULF,568,98,579,79,579,79,599,98,599,98,610,168,588,189,525,181,547,281,433,175,461,236,652,383,559,407,667,528,493,533,723,623,472,642,333,147,320,137,339,137,282,142,324,145,240,212,364,206,216,285,406,261,195,285,412,322,266,391,358,380,214,499,427,501,196,625,468,603,CONFIRM,CONFIRM,CONFIRM,CONFIRM,CONFIRM,UNCLEAR,CONFIRM,CONFIRM,CONFIRM,CONFIRM,CONFIRM,CONFIRM,CONFIRM,CONFIRM,CONFIRM,OUT_OF_RANGE,OUT_OF_RANGE,CONFIRM,CONFIRM,CONFIRM,CONFIRM,UNCLEAR,CONFIRM,CONFIRM,CONFIRM,CONFIRM,CONFIRM,CONFIRM,CONFIRM,CONFIRM,CONFIRM,CONFIRM,OUT_OF_RANGE,OUT_OF_RANGE
1500,14,0,29,13,1ULF,605,135,605,128,618,134,629,134,646,145,573,156,666,192,508,145,632,250,457,115,573,221,560,305,626,306,515,410,658,421,519,472,678,480,513,94,504,81,516,83,476,88,498,88,440,129,503,138,467,185,544,156,524,186,580,158,420,270,501,268,364,359,527,350,326,415,533,419,CONFIRM,CONFIRM,CONFIRM,UNCLEAR,CONFIRM,CONFIRM,CONFIRM,CONFIRM,CONFIRM,CONFIRM,CONFIRM,CONFIRM,CONFIRM,CONFIRM,CONFIRM,CONFIRM,CONFIRM,CONFIRM,CONFIRM,CONFIRM,CONFIRM,UNCLEAR,CONFIRM,CONFIRM,CONFIRM,UNCLEAR,CONFIRM,UNCLEAR,CONFIRM,CONFIRM,CONFIRM,CONFIRM,CONFIRM,CONFIRM
1500,14,0,52,44,1ULF,664,174,675,165,675,165,698,170,698,170,667,206,702,217,609,218,660,247,560,227,629,226,699,313,686,314,715,388,606,381,783,418,620,455,529,215,530,208,525,208,518,215,512,212,547,235,468,255,603,232,457,298,647,230,473,328,506,360,511,345,445,447,574,334,359,447,610,387,CONFIRM,CONFIRM,CONFIRM,CONFIRM,CONFIRM,CONFIRM,CONFIRM,CONFIRM,CONFIRM,CONFIRM,CONFIRM,CONFIRM,CONFIRM,CONFIRM,CONFIRM,CONFIRM,CONFIRM,UNCLEAR,CONFIRM,UNCLEAR,CONFIRM,UNCLEAR,CONFIRM,CONFIRM,CONFIRM,CONFIRM,CONFIRM,UNCLEAR,CONFIRM,UNCLEAR,CONFIRM,CONFIRM,CONFIRM,CONFIRM
1500,19,0,28,5,1ULF,637,142,631,135,649,136,625,147,682,161,599,191,693,210,538,171,669,283,456,121,615,234,639,379,652,389,690,447,580,471,742,492,553,562,392,121,384,104,384,104,338,114,338,114,274,198,413,183,317,285,481,196,405,260,551,177,260,422,354,403,250,568,436,481,223,663,435,556,CONFIRM,CONFIRM,CONFIRM,UNCLEAR,CONFIRM,CONFIRM,CONFIRM,CONFIRM,CONFIRM,CONFIRM,CONFIRM,CONFIRM,CONFIRM,CONFIRM,CONFIRM,CONFIRM,OUT_OF_RANGE,CONFIRM,CONFIRM,CONFIRM,CONFIRM,CONFIRM,CONFIRM,CONFIRM,CONFIRM,CONFIRM,CONFIRM,CONFIRM,CONFIRM,CONFIRM,OUT_OF_RANGE,CONFIRM,OUT_OF_RANGE,OUT_OF_RANGE
1500,20,0,13,46,1ULF,507,145,512,133,512,133,545,147,545,147,520,211,534,249,428,204,436,314,333,183,332,319,584,430,528,445,632,551,410,546,673,668,381,673,229,76,212,63,239,63,166,75,256,75,143,137,273,142,92,246,300,250,119,274,288,250,158,385,292,362,84,516,379,485,0,581,464,596,CONFIRM,CONFIRM,CONFIRM,CONFIRM,CONFIRM,UNCLEAR,CONFIRM,CONFIRM,CONFIRM,CONFIRM,CONFIRM,CONFIRM,CONFIRM,OUT_OF_RANGE,OUT_OF_RANGE,OUT_OF_RANGE,OUT_OF_RANGE,CONFIRM,CONFIRM,CONFIRM,CONFIRM,CONFIRM,CONFIRM,CONFIRM,CONFIRM,CONFIRM,CONFIRM,CONFIRM,CONFIRM,CONFIRM,CONFIRM,CONFIRM,OUT_OF_RANGE,OUT_OF_RANGE
1500,21,0,9,29,1ULF,719,112,709,108,707,108,678,127,681,127,714,169,621,190,813,182,595,259,901,185,648,276,624,331,657,343,588,463,704,420,484,491,680,507,926,86,942,71,946,71,979,89,979,89,956,154,958,184,932,157,996,249,898,151,917,312,977,373,977,375,1014,460,900,467,1047,566,928,585,CONFIRM,CONFIRM,CONFIRM,CONFIRM,CONFIRM,CONFIRM,CONFIRM,CONFIRM,CONFIRM,CONFIRM,UNCLEAR,CONFIRM,UNCLEAR,CONFIRM,CONFIRM,CONFIRM,CONFIRM,CONFIRM,CONFIRM,UNCLEAR,OUT_OF_RANGE,OUT_OF_RANGE,CONFIRM,UNCLEAR,CONFIRM,OUT_OF_RANGE,CONFIRM,CONFIRM,OUT_OF_RANGE,OUT_OF_RANGE,OUT_OF_RANGE,CONFIRM,OUT_OF_RANGE,OUT_OF_RANGE
1500,22,0,29,0,1ULF,218,125,201,113,216,116,156,128,174,124,154,181,206,202,256,148,228,317,382,144,258,286,149,443,250,405,82,561,359,523,43,599,406,628,436,191,449,183,445,176,493,198,503,208,528,243,488,276,399,295,410,322,332,320,319,281,611,482,551,502,639,569,408,550,724,647,343,669,CONFIRM,CONFIRM,CONFIRM,CONFIRM,UNCLEAR,CONFIRM,UNCLEAR,CONFIRM,CONFIRM,CONFIRM,CONFIRM,CONFIRM,CONFIRM,OUT_OF_RANGE,CONFIRM,OUT_OF_RANGE,OUT_OF_RANGE,CONFIRM,CONFIRM,UNCLEAR,UNCLEAR,CONFIRM,UNCLEAR,CONFIRM,CONFIRM,CONFIRM,CONFIRM,CONFIRM,CONFIRM,CONFIRM,OUT_OF_RANGE,OUT_OF_RANGE,OUT_OF_RANGE,OUT_OF_RANGE
1500,22,1,5,34,1ULF,495,140,484,135,484,135,461,150,461,150,473,185,463,200,542,172,489,280,630,146,508,319,411,368,477,347,355,449,550,403,280,519,552,484,697,126,695,117,704,117,724,116,735,117,764,167,711,167,741,235,659,183,697,245,596,162,789,310,740,319,781,391,680,412,842,463,675,506,CONFIRM,CONFIRM,CONFIRM,CONFIRM,CONFIRM,CONFIRM,UNCLEAR,CONFIRM,CONFIRM,CONFIRM,CONFIRM,CONFIRM,CONFIRM,CONFIRM,CONFIRM,CONFIRM,CONFIRM,CONFIRM,CONFIRM,CONFIRM,UNCLEAR,CONFIRM,UNCLEAR,CONFIRM,UNCLEAR,CONFIRM,CONFIRM,CONFIRM,CONFIRM,CONFIRM,CONFIRM,CONFIRM,CONFIRM,CONFIRM
1500,22,1,28,3,1ULF,528,234,520,221,520,221,491,229,491,229,456,298,507,286,547,361,552,329,636,386,618,340,446,492,519,463,433,580,582,554,393,649,601,627,712,328,712,314,724,320,742,323,771,335,732,362,789,404,709,405,762,500,694,420,688,450,767,562,815,573,731,619,839,658,925,700,706,701,CONFIRM,CONFIRM,CONFIRM,CONFIRM,CONFIRM,CONFIRM,CONFIRM,CONFIRM,CONFIRM,CONFIRM,CONFIRM,CONFIRM,CONFIRM,OUT_OF_RANGE,OUT_OF_RANGE,OUT_OF_RANGE,OUT_OF_RANGE,CONFIRM,CONFIRM,CONFIRM,UNCLEAR,CONFIRM,CONFIRM,CONFIRM,CONFIRM,CONFIRM,CONFIRM,CONFIRM,OUT_OF_RANGE,OUT_OF_RANGE,OUT_OF_RANGE,OUT_OF_RANGE,OUT_OF_RANGE,OUT_OF_RANGE
1500,2,0,41,57,1ULS,214,206,198,201,200,201,163,224,167,224,157,273,202,285,224,263,214,356,334,243,225,414,126,488,186,472,98,589,295,562,63,681,328,661,361,207,371,199,371,199,420,218,418,218,388,272,416,332,324,281,403,417,233,288,342,455,510,492,496,505,549,578,374,571,604,674,327,684,CONFIRM,CONFIRM,CONFIRM,CONFIRM,CONFIRM,CONFIRM,CONFIRM,CONFIRM,CONFIRM,CONFIRM,CONFIRM,CONFIRM,CONFIRM,OUT_OF_RANGE,OUT_OF_RANGE,OUT_OF_RANGE,OUT_OF_RANGE,CONFIRM,CONFIRM,CONFIRM,CONFIRM,CONFIRM,CONFIRM,CONFIRM,CONFIRM,CONFIRM,CONFIRM,CONFIRM,CONFIRM,CONFIRM,OUT_OF_RANGE,OUT_OF_RANGE,OUT_OF_RANGE,OUT_OF_RANGE
1500,4,0,16,12,1ULS,469,189,476,186,476,186,510,194,510,194,485,231,498,260,428,255,445,311,361,236,369,308,536,387,515,393,564,473,406,477,645,536,406,563,304,210,294,203,294,203,266,216,266,216,278,278,297,278,387,276,315,357,425,234,335,345,234,436,267,426,195,527,372,496,113,584,413,569,CONFIRM,CONFIRM,CONFIRM,CONFIRM,CONFIRM,CONFIRM,CONFIRM,CONFIRM,CONFIRM,CONFIRM,CONFIRM,CONFIRM,CONFIRM,CONFIRM,CONFIRM,CONFIRM,OUT_OF_RANGE,CONFIRM,CONFIRM,CONFIRM,CONFIRM,CONFIRM,CONFIRM,UNCLEAR,CONFIRM,UNCLEAR,CONFIRM,CONFIRM,CONFIRM,CONFIRM,CONFIRM,CONFIRM,OUT_OF_RANGE,OUT_OF_RANGE
1500,8,0,14,20,1ULS,582,163,586,156,603,163,626,181,647,191,567,239,644,303,480,208,590,412,381,159,487,410,594,453,613,476,688,565,513,569,791,640,495,661,291,35,259,12,296,9,208,35,306,25,184,120,361,93,166,188,462,159,139,220,549,204,247,383,363,350,219,545,377,551,209,676,386,738,CONFIRM,CONFIRM,CONFIRM,UNCLEAR,CONFIRM,CONFIRM,CONFIRM,CONFIRM,CONFIRM,CONFIRM,CONFIRM,UNCLEAR,CONFIRM,OUT_OF_RANGE,OUT_OF_RANGE,OUT_OF_RANGE,OUT_OF_RANGE,CONFIRM,CONFIRM,CONFIRM,CONFIRM,UNCLEAR,CONFIRM,CONFIRM,CONFIRM,CONFIRM,CONFIRM,CONFIRM,CONFIRM,CONFIRM,OUT_OF_RANGE,OUT_OF_RANGE,OUT_OF_RANGE,OUT_OF_RANGE
1500,8,0,14,35,1ULS,377,70,364,60,377,61,326,66,349,67,276,128,382,191,425,145,456,270,549,152,520,219,286,429,399,423,319,594,443,585,261,764,446,729,594,153,605,136,605,140,646,146,643,146,713,223,564,225,744,335,476,319,653,313,410,348,679,452,558,451,686,569,485,573,691,703,452,665,CONFIRM,CONFIRM,UNCLEAR,CONFIRM,UNCLEAR,CONFIRM,CONFIRM,CONFIRM,CONFIRM,CONFIRM,CONFIRM,CONFIRM,CONFIRM,OUT_OF_RANGE,OUT_OF_RANGE,OUT_OF_RANGE,OUT_OF_RANGE,UNCLEAR,UNCLEAR,UNCLEAR,UNCLEAR,CONFIRM,CONFIRM,CONFIRM,CONFIRM,CONFIRM,UNCLEAR,CONFIRM,CONFIRM,CONFIRM,OUT_OF_RANGE,OUT_OF_RANGE,OUT_OF_RANGE,OUT_OF_RANGE
1500,9,0,19,50,1ULS,506,166,498,161,482,158,478,169,467,169,494,224,402,242,566,219,458,302,668,205,527,324,364,440,441,446,271,551,514,514,198,625,512,603,690,225,705,217,705,217,728,223,732,227,760,278,687,284,735,335,643,338,677,365,573,356,773,429,700,427,777,498,592,514,850,565,563,604,UNCLEAR,UNCLEAR,UNCLEAR,CONFIRM,UNCLEAR,CONFIRM,UNCLEAR,CONFIRM,UNCLEAR,CONFIRM,CONFIRM,CONFIRM,CONFIRM,OUT_OF_RANGE,CONFIRM,OUT_OF_RANGE,OUT_OF_RANGE,CONFIRM,UNCLEAR,UNCLEAR,UNCLEAR,CONFIRM,UNCLEAR,CONFIRM,UNCLEAR,CONFIRM,UNCLEAR,CONFIRM,CONFIRM,CONFIRM,CONFIRM,CONFIRM,OUT_OF_RANGE,OUT_OF_RANGE
1500,11,0,12,25,1ULS,248,158,235,149,252,150,194,150,221,154,178,197,282,229,219,187,320,246,318,185,350,233,210,383,297,369,175,488,354,464,119,575,403,568,402,145,417,129,407,131,453,141,434,139,522,208,417,210,559,300,351,287,495,324,372,250,506,403,424,403,524,521,345,520,593,592,327,614,CONFIRM,CONFIRM,CONFIRM,CONFIRM,UNCLEAR,CONFIRM,CONFIRM,CONFIRM,CONFIRM,CONFIRM,CONFIRM,CONFIRM,CONFIRM,CONFIRM,CONFIRM,OUT_OF_RANGE,OUT_OF_RANGE,CONFIRM,UNCLEAR,CONFIRM,UNCLEAR,CONFIRM,CONFIRM,CONFIRM,CONFIRM,CONFIRM,UNCLEAR,UNCLEAR,CONFIRM,CONFIRM,CONFIRM,CONFIRM,OUT_OF_RANGE,OUT_OF_RANGE
1500,11,0,50,0,1ULS,494,144,488,138,481,138,473,150,470,148,516,193,436,191,581,168,461,224,635,149,501,225,473,326,418,313,543,407,385,389,560,464,339,447,671,116,681,108,678,107,709,109,703,112,752,167,688,146,767,241,602,183,710,248,569,195,734,299,676,299,738,404,632,411,759,467,635,513,CONFIRM,CONFIRM,UNCLEAR,CONFIRM,UNCLEAR,CONFIRM,CONFIRM,CONFIRM,UNCLEAR,CONFIRM,CONFIRM,CONFIRM,CONFIRM,CONFIRM,CONFIRM,CONFIRM,CONFIRM,CONFIRM,UNCLEAR,CONFIRM,UNCLEAR,CONFIRM,CONFIRM,CONFIRM,CONFIRM,CONFIRM,UNCLEAR,CONFIRM,CONFIRM,CONFIRM,CONFIRM,CONFIRM,CONFIRM,CONFIRM
1500,15,0,14,56,1ULS,616,149,604,137,604,137,573,157,573,157,621,208,534,221,679,202,564,280,785,180,624,300,534,427,611,406,478,526,678,485,382,547,698,554,832,158,838,148,838,148,890,164,890,164,913,216,841,221,854,263,763,227,781,270,703,193,896,400,887,404,829,493,792,497,818,584,742,600,CONFIRM,CONFIRM,CONFIRM,CONFIRM,CONFIRM,CONFIRM,UNCLEAR,CONFIRM,UNCLEAR,CONFIRM,CONFIRM,CONFIRM,CONFIRM,CONFIRM,CONFIRM,OUT_OF_RANGE,OUT_OF_RANGE,CONFIRM,CONFIRM,CONFIRM,CONFIRM,CONFIRM,UNCLEAR,CONFIRM,UNCLEAR,CONFIRM,CONFIRM,CONFIRM,UNCLEAR,CONFIRM,UNCLEAR,CONFIRM,OUT_OF_RANGE,OUT_OF_RANGE
1500,19,0,16,28,1ULS,498,96,509,89,505,88,545,105,535,107,504,153,542,193,440,146,499,265,341,100,445,239,602,338,556,346,678,433,445,437,795,511,444,537,277,88,265,76,280,76,221,87,269,86,189,162,309,136,185,228,364,149,255,197,382,118,231,350,325,327,200,462,391,403,161,528,427,494,CONFIRM,UNCLEAR,CONFIRM,UNCLEAR,CONFIRM,UNCLEAR,CONFIRM,CONFIRM,CONFIRM,CONFIRM,CONFIRM,UNCLEAR,CONFIRM,CONFIRM,CONFIRM,CONFIRM,CONFIRM,CONFIRM,CONFIRM,CONFIRM,CONFIRM,UNCLEAR,CONFIRM,CONFIRM,CONFIRM,CONFIRM,CONFIRM,CONFIRM,CONFIRM,CONFIRM,CONFIRM,CONFIRM,CONFIRM,CONFIRM
1500,19,0,37,1,1ULS,572,155,582,147,580,147,614,161,610,161,600,192,599,224,512,170,545,293,433,138,521,278,643,363,588,370,676,457,488,448,783,548,488,538,386,139,374,128,387,130,338,139,376,139,300,190,408,192,305,226,448,244,368,213,495,289,311,362,401,347,286,458,457,422,213,513,496,510,CONFIRM,CONFIRM,CONFIRM,CONFIRM,CONFIRM,CONFIRM,CONFIRM,CONFIRM,CONFIRM,CONFIRM,CONFIRM,CONFIRM,CONFIRM,CONFIRM,CONFIRM,OUT_OF_RANGE,CONFIRM,CONFIRM,CONFIRM,CONFIRM,CONFIRM,UNCLEAR,CONFIRM,CONFIRM,CONFIRM,CONFIRM,CONFIRM,CONFIRM,CONFIRM,CONFIRM,CONFIRM,CONFIRM,CONFIRM,CONFIRM
1500,20,0,13,35,1ULS,295,122,280,111,280,111,229,121,231,121,213,186,288,230,362,165,321,286,473,156,343,231,193,442,301,418,144,567,406,493,105,664,462,625,566,137,577,129,574,128,608,148,606,148,671,221,534,223,701,330,426,256,649,340,377,235,693,418,579,442,725,528,483,529,804,594,440,655,CONFIRM,CONFIRM,CONFIRM,CONFIRM,CONFIRM,CONFIRM,UNCLEAR,CONFIRM,CONFIRM,CONFIRM,CONFIRM,CONFIRM,CONFIRM,OUT_OF_RANGE,CONFIRM,OUT_OF_RANGE,OUT_OF_RANGE,CONFIRM,UNCLEAR,CONFIRM,UNCLEAR,CONFIRM,CONFIRM,CONFIRM,CONFIRM,CONFIRM,UNCLEAR,CONFIRM,CONFIRM,CONFIRM,CONFIRM,OUT_OF_RANGE,OUT_OF_RANGE,OUT_OF_RANGE
1500,21,0,9,32,1ULS,940,84,952,75,953,75,973,88,975,88,933,136,997,165,848,130,1020,267,779,128,934,269,1008,367,986,372,1041,480,907,470,1107,572,917,594,731,104,721,99,721,99,700,113,700,113,723,152,629,180,811,168,599,235,902,178,666,241,650,325,654,324,681,439,709,411,577,465,677,503,CONFIRM,CONFIRM,CONFIRM,OUT_OF_RANGE,OUT_OF_RANGE,CONFIRM,OUT_OF_RANGE,CONFIRM,OUT_OF_RANGE,CONFIRM,CONFIRM,OUT_OF_RANGE,OUT_OF_RANGE,OUT_OF_RANGE,CONFIRM,OUT_OF_RANGE,OUT_OF_RANGE,CONFIRM,CONFIRM,CONFIRM,CONFIRM,CONFIRM,CONFIRM,CONFIRM,CONFIRM,CONFIRM,CONFIRM,UNCLEAR,CONFIRM,CONFIRM,CONFIRM,CONFIRM,CONFIRM,CONFIRM
1500,21,0,42,18,1ULS,950,91,958,78,958,80,982,92,988,98,940,116,998,172,878,109,950,251,818,81,846,267,996,366,951,369,1031,463,909,474,1048,571,836,558,771,105,756,97,770,94,717,113,746,109,716,164,774,142,779,220,825,134,860,219,886,139,687,321,714,319,661,451,727,437,568,496,650,489,UNCLEAR,UNCLEAR,UNCLEAR,OUT_OF_RANGE,OUT_OF_RANGE,CONFIRM,OUT_OF_RANGE,CONFIRM,CONFIRM,CONFIRM,CONFIRM,OUT_OF_RANGE,CONFIRM,OUT_OF_RANGE,CONFIRM,OUT_OF_RANGE,OUT_OF_RANGE,CONFIRM,CONFIRM,CONFIRM,CONFIRM,UNCLEAR,CONFIRM,CONFIRM,CONFIRM,CONFIRM,CONFIRM,CONFIRM,CONFIRM,CONFIRM,CONFIRM,CONFIRM,CONFIRM,CONFIRM
1500,22,1,7,25,1ULS,355,154,344,143,344,143,303,158,303,158,302,230,360,284,434,246,387,323,524,218,405,263,300,486,376,440,282,614,494,553,230,691,543,665,569,181,581,173,578,173,618,190,610,193,684,261,580,245,640,363,465,299,573,388,424,274,710,482,590,495,738,565,529,558,822,654,494,661,CONFIRM,CONFIRM,CONFIRM,CONFIRM,CONFIRM,CONFIRM,CONFIRM,CONFIRM,CONFIRM,CONFIRM,CONFIRM,CONFIRM,CONFIRM,OUT_OF_RANGE,OUT_OF_RANGE,OUT_OF_RANGE,OUT_OF_RANGE,CONFIRM,CONFIRM,CONFIRM,UNCLEAR,CONFIRM,CONFIRM,CONFIRM,UNCLEAR,CONFIRM,CONFIRM,CONFIRM,CONFIRM,CONFIRM,OUT_OF_RANGE,OUT_OF_RANGE,OUT_OF_RANGE,OUT_OF_RANGE
1500,17,0,26,12,1URA,449,72,456,67,435,66,464,69,445,69,516,140,389,101,454,180,332,95,381,166,248,88,496,329,397,306,524,465,270,347,540,584,167,424,193,41,174,27,174,27,128,49,128,49,108,166,224,116,150,320,299,103,191,409,353,93,123,374,224,352,56,529,312,523,-6,649,345,653,UNCLEAR,UNCLEAR,UNCLEAR,UNCLEAR,CONFIRM,CONFIRM,CONFIRM,UNCLEAR,CONFIRM,CONFIRM,CONFIRM,CONFIRM,CONFIRM,CONFIRM,CONFIRM,OUT_OF_RANGE,CONFIRM,CONFIRM,CONFIRM,CONFIRM,CONFIRM,CONFIRM,CONFIRM,CONFIRM,CONFIRM,CONFIRM,CONFIRM,CONFIRM,CONFIRM,CONFIRM,CONFIRM,CONFIRM,OUT_OF_RANGE,OUT_OF_RANGE
1500,20,0,27,38,1URA,887,145,890,137,895,136,920,139,916,139,990,213,874,195,922,259,768,179,839,241,710,163,1003,397,891,381,1027,489,768,481,1057,583,746,593,634,105,629,89,629,89,588,92,588,92,502,144,654,161,444,193,728,190,488,252,785,196,473,357,576,360,391,457,660,452,345,523,597,559,UNCLEAR,UNCLEAR,UNCLEAR,UNCLEAR,CONFIRM,OUT_OF_RANGE,CONFIRM,UNCLEAR,CONFIRM,CONFIRM,CONFIRM,OUT_OF_RANGE,CONFIRM,OUT_OF_RANGE,CONFIRM,OUT_OF_RANGE,OUT_OF_RANGE,CONFIRM,CONFIRM,CONFIRM,CONFIRM,CONFIRM,CONFIRM,CONFIRM,CONFIRM,CONFIRM,CONFIRM,UNCLEAR,CONFIRM,CONFIRM,CONFIRM,CONFIRM,CONFIRM,OUT_OF_RANGE
1500,3,0,23,32,1URF,444,193,434,186,453,187,405,197,469,198,391,231,482,233,396,307,536,222,440,301,610,195,379,375,458,380,293,439,508,455,285,509,500,560,688,191,703,185,694,186,711,193,702,193,788,280,631,255,785,376,589,285,698,359,588,227,743,452,640,447,800,526,536,523,845,645,461,628,CONFIRM,CONFIRM,CONFIRM,CONFIRM,CONFIRM,CONFIRM,CONFIRM,CONFIRM,CONFIRM,CONFIRM,CONFIRM,CONFIRM,CONFIRM,CONFIRM,CONFIRM,CONFIRM,OUT_OF_RANGE,UNCLEAR,UNCLEAR,UNCLEAR,UNCLEAR,CONFIRM,CONFIRM,CONFIRM,CONFIRM,CONFIRM,UNCLEAR,CONFIRM,CONFIRM,CONFIRM,CONFIRM,CONFIRM,OUT_OF_RANGE,OUT_OF_RANGE
1500,3,0,39,30,1URF,652,207,658,203,649,203,672,217,649,207,678,333,607,225,626,401,527,192,573,404,441,183,514,423,447,338,524,561,396,333,532,660,307,366,397,149,383,138,399,139,341,148,389,145,291,218,425,209,263,292,484,241,309,343,550,242,275,402,374,410,227,510,418,526,161,629,435,643,UNCLEAR,UNCLEAR,UNCLEAR,UNCLEAR,CONFIRM,CONFIRM,CONFIRM,CONFIRM,CONFIRM,CONFIRM,CONFIRM,CONFIRM,CONFIRM,OUT_OF_RANGE,CONFIRM,OUT_OF_RANGE,CONFIRM,CONFIRM,CONFIRM,CONFIRM,CONFIRM,CONFIRM,CONFIRM,CONFIRM,CONFIRM,CONFIRM,CONFIRM,CONFIRM,CONFIRM,CONFIRM,CONFIRM,CONFIRM,OUT_OF_RANGE,OUT_OF_RANGE
1500,3,0,52,53,1URF,463,213,449,206,462,205,419,233,445,224,395,295,519,273,416,385,594,272,486,385,667,262,370,463,460,467,287,562,551,523,241,662,562,629,693,202,714,188,703,189,732,197,727,198,777,257,670,241,822,362,594,255,767,390,532,227,777,488,667,467,806,579,594,557,831,677,545,649,CONFIRM,CONFIRM,CONFIRM,CONFIRM,UNCLEAR,CONFIRM,CONFIRM,CONFIRM,CONFIRM,CONFIRM,CONFIRM,CONFIRM,CONFIRM,OUT_OF_RANGE,CONFIRM,OUT_OF_RANGE,OUT_OF_RANGE,CONFIRM,UNCLEAR,CONFIRM,UNCLEAR,CONFIRM,CONFIRM,CONFIRM,CONFIRM,CONFIRM,CONFIRM,CONFIRM,CONFIRM,CONFIRM,OUT_OF_RANGE,OUT_OF_RANGE,OUT_OF_RANGE,OUT_OF_RANGE
1500,8,0,29,12,1URF,345,115,361,111,332,106,374,123,320,118,375,182,292,165,357,245,266,154,403,277,246,130,362,314,296,307,407,417,284,416,445,522,283,465,221,82,213,74,229,77,186,76,233,85,174,113,240,114,159,179,271,140,179,206,275,134,168,245,228,249,152,313,264,343,136,361,286,410,UNCLEAR,UNCLEAR,UNCLEAR,CONFIRM,CONFIRM,CONFIRM,CONFIRM,CONFIRM,CONFIRM,CONFIRM,CONFIRM,CONFIRM,CONFIRM,CONFIRM,CONFIRM,CONFIRM,CONFIRM,CONFIRM,CONFIRM,CONFIRM,CONFIRM,CONFIRM,CONFIRM,CONFIRM,CONFIRM,CONFIRM,CONFIRM,CONFIRM,CONFIRM,CONFIRM,CONFIRM,CONFIRM,CONFIRM,CONFIRM
1500,11,0,12,19,1URF,398,163,411,161,403,162,432,176,417,175,510,236,403,232,557,337,272,243,517,370,249,178,515,459,383,451,575,564,309,506,664,643,293,622,198,166,181,162,198,160,143,174,165,170,117,236,219,227,85,313,278,248,143,264,249,189,141,406,239,390,94,525,314,470,44,592,355,561,UNCLEAR,UNCLEAR,UNCLEAR,UNCLEAR,CONFIRM,CONFIRM,CONFIRM,CONFIRM,CONFIRM,CONFIRM,CONFIRM,CONFIRM,CONFIRM,OUT_OF_RANGE,CONFIRM,OUT_OF_RANGE,OUT_OF_RANGE,CONFIRM,CONFIRM,CONFIRM,CONFIRM,UNCLEAR,CONFIRM,CONFIRM,CONFIRM,CONFIRM,CONFIRM,CONFIRM,CONFIRM,CONFIRM,CONFIRM,CONFIRM,OUT_OF_RANGE,OUT_OF_RANGE
1500,15,0,14,41,1URF,506,139,492,128,492,128,461,139,461,139,389,206,543,188,342,276,615,168,375,337,684,142,375,377,457,375,342,495,500,480,280,555,424,582,795,145,808,129,808,129,853,140,853,140,888,194,794,201,862,264,721,234,823,312,654,188,897,414,827,393,859,503,709,481,914,600,674,609,CONFIRM,CONFIRM,CONFIRM,CONFIRM,CONFIRM,CONFIRM,CONFIRM,CONFIRM,CONFIRM,CONFIRM,CONFIRM,CONFIRM,CONFIRM,CONFIRM,CONFIRM,OUT_OF_RANGE,OUT_OF_RANGE,CONFIRM,CONFIRM,CONFIRM,CONFIRM,CONFIRM,UNCLEAR,CONFIRM,UNCLEAR,CONFIRM,UNCLEAR,CONFIRM,CONFIRM,CONFIRM,CONFIRM,CONFIRM,OUT_OF_RANGE,OUT_OF_RANGE
1500,15,0,26,28,1URF,680,120,689,115,683,114,709,125,696,124,749,207,625,150,688,256,561,139,638,252,546,108,659,354,585,327,669,469,530,442,479,551,666,572,491,100,477,90,495,87,441,102,484,99,410,157,518,140,406,230,511,191,455,211,523,202,427,307,507,310,365,365,546,402,383,436,591,511,UNCLEAR,UNCLEAR,UNCLEAR,UNCLEAR,CONFIRM,CONFIRM,CONFIRM,UNCLEAR,CONFIRM,UNCLEAR,CONFIRM,CONFIRM,CONFIRM,CONFIRM,CONFIRM,OUT_OF_RANGE,OUT_OF_RANGE,CONFIRM,CONFIRM,CONFIRM,CONFIRM,UNCLEAR,CONFIRM,CONFIRM,CONFIRM,CONFIRM,CONFIRM,CONFIRM,CONFIRM,CONFIRM,CONFIRM,CONFIRM,CONFIRM,CONFIRM
1500,17,0,54,22,1URF,458,117,440,106,440,106,405,113,405,113,347,186,494,165,311,257,559,169,360,276,638,163,324,350,428,357,259,464,510,457,204,534,559,574,698,149,707,139,707,139,735,152,735,152,743,191,666,198,725,273,591,195,659,265,537,180,792,385,723,382,782,465,613,490,826,518,561,633,CONFIRM,CONFIRM,CONFIRM,CONFIRM,CONFIRM,CONFIRM,CONFIRM,CONFIRM,CONFIRM,CONFIRM,CONFIRM,CONFIRM,CONFIRM,CONFIRM,CONFIRM,CONFIRM,OUT_OF_RANGE,CONFIRM,CONFIRM,CONFIRM,CONFIRM,CONFIRM,UNCLEAR,CONFIRM,UNCLEAR,CONFIRM,CONFIRM,CONFIRM,CONFIRM,CONFIRM,CONFIRM,CONFIRM,CONFIRM,OUT_OF_RANGE
1500,19,0,16,55,1URF,483,94,496,86,473,83,525,91,466,95,551,152,432,145,584,247,346,199,571,256,267,181,528,354,430,347,577,472,390,479,619,561,348,582,215,89,201,77,214,80,161,84,195,87,138,156,225,148,161,230,290,192,226,172,309,141,210,329,280,319,211,463,339,422,164,555,392,499,UNCLEAR,UNCLEAR,UNCLEAR,UNCLEAR,UNCLEAR,CONFIRM,CONFIRM,CONFIRM,CONFIRM,UNCLEAR,CONFIRM,CONFIRM,CONFIRM,CONFIRM,CONFIRM,OUT_OF_RANGE,OUT_OF_RANGE,CONFIRM,CONFIRM,CONFIRM,CONFIRM,UNCLEAR,CONFIRM,CONFIRM,CONFIRM,CONFIRM,CONFIRM,CONFIRM,CONFIRM,CONFIRM,CONFIRM,CONFIRM,OUT_OF_RANGE,CONFIRM
1500,20,0,13,31,1URF,607,149,615,144,615,144,644,173,644,173,713,239,578,228,766,341,480,246,705,378,399,200,724,426,622,444,761,526,528,546,858,605,503,660,297,117,281,108,286,108,235,119,242,117,194,204,303,197,220,304,357,254,302,239,367,187,181,432,289,407,106,563,391,511,79,676,445,624,CONFIRM,CONFIRM,CONFIRM,CONFIRM,CONFIRM,CONFIRM,CONFIRM,CONFIRM,CONFIRM,UNCLEAR,CONFIRM,CONFIRM,CONFIRM,CONFIRM,OUT_OF_RANGE,OUT_OF_RANGE,OUT_OF_RANGE,CONFIRM,CONFIRM,CONFIRM,CONFIRM,UNCLEAR,CONFIRM,CONFIRM,CONFIRM,CONFIRM,CONFIRM,CONFIRM,CONFIRM,CONFIRM,OUT_OF_RANGE,CONFIRM,OUT_OF_RANGE,OUT_OF_RANGE
1500,21,0,9,12,1URF,568,162,555,150,577,154,515,165,582,171,476,219,591,210,441,289,658,201,485,309,767,164,434,370,533,377,359,454,607,439,287,552,622,572,882,118,892,105,895,105,933,106,947,113,1015,178,888,193,949,273,815,211,877,298,794,153,1003,391,929,392,999,492,791,531,1042,561,743,648,CONFIRM,CONFIRM,CONFIRM,CONFIRM,UNCLEAR,CONFIRM,CONFIRM,CONFIRM,CONFIRM,CONFIRM,CONFIRM,CONFIRM,CONFIRM,CONFIRM,CONFIRM,OUT_OF_RANGE,OUT_OF_RANGE,CONFIRM,CONFIRM,CONFIRM,UNCLEAR,CONFIRM,OUT_OF_RANGE,CONFIRM,UNCLEAR,CONFIRM,CONFIRM,CONFIRM,OUT_OF_RANGE,CONFIRM,OUT_OF_RANGE,CONFIRM,OUT_OF_RANGE,OUT_OF_RANGE
1500,21,0,42,14,1URF,747,106,733,99,742,97,698,112,713,109,679,173,749,139,710,228,808,131,802,254,891,125,649,309,649,309,651,434,615,411,595,494,546,462,936,76,948,61,948,61,976,87,980,86,970,153,970,153,899,152,921,234,880,108,830,268,988,352,984,354,972,454,884,445,1046,540,838,584,CONFIRM,CONFIRM,CONFIRM,CONFIRM,UNCLEAR,CONFIRM,CONFIRM,CONFIRM,CONFIRM,CONFIRM,CONFIRM,CONFIRM,CONFIRM,CONFIRM,CONFIRM,CONFIRM,CONFIRM,CONFIRM,CONFIRM,CONFIRM,OUT_OF_RANGE,OUT_OF_RANGE,OUT_OF_RANGE,OUT_OF_RANGE,CONFIRM,CONFIRM,CONFIRM,CONFIRM,OUT_OF_RANGE,OUT_OF_RANGE,OUT_OF_RANGE,CONFIRM,OUT_OF_RANGE,OUT_OF_RANGE
1500,21,0,50,28,1URF,460,122,473,111,448,120,494,115,435,135,558,179,407,182,588,288,327,185,543,315,275,160,562,388,482,396,604,525,422,539,676,612,370,636,223,173,202,167,226,158,180,189,244,158,206,266,283,174,277,297,353,158,317,243,390,168,340,366,392,288,316,471,425,288,304,571,608,311,UNCLEAR,UNCLEAR,UNCLEAR,UNCLEAR,CONFIRM,CONFIRM,CONFIRM,CONFIRM,CONFIRM,CONFIRM,CONFIRM,CONFIRM,CONFIRM,CONFIRM,OUT_OF_RANGE,OUT_OF_RANGE,OUT_OF_RANGE,CONFIRM,CONFIRM,CONFIRM,CONFIRM,CONFIRM,CONFIRM,CONFIRM,CONFIRM,CONFIRM,CONFIRM,CONFIRM,CONFIRM,CONFIRM,CONFIRM,CONFIRM,OUT_OF_RANGE,CONFIRM
1500,3,0,39,28,1URS,390,142,378,137,390,137,340,150,363,146,285,210,423,203,257,293,494,228,301,340,575,227,264,390,353,399,216,525,409,530,144,616,428,628,648,220,664,220,643,213,669,226,653,215,681,346,599,226,621,412,526,211,558,413,449,204,506,430,444,342,511,547,387,330,510,660,307,362,CONFIRM,CONFIRM,CONFIRM,CONFIRM,UNCLEAR,CONFIRM,CONFIRM,CONFIRM,CONFIRM,CONFIRM,CONFIRM,CONFIRM,CONFIRM,CONFIRM,CONFIRM,OUT_OF_RANGE,OUT_OF_RANGE,UNCLEAR,UNCLEAR,UNCLEAR,UNCLEAR,CONFIRM,CONFIRM,CONFIRM,CONFIRM,CONFIRM,CONFIRM,CONFIRM,CONFIRM,CONFIRM,OUT_OF_RANGE,CONFIRM,OUT_OF_RANGE,CONFIRM
1500,3,0,52,50,1URS,681,221,696,212,692,212,727,226,721,226,784,296,634,270,823,395,566,262,756,426,487,221,791,506,676,491,817,581,583,569,846,687,534,678,447,228,438,220,450,220,397,233,417,233,346,300,474,292,356,396,523,296,432,427,583,292,316,482,414,477,248,566,516,514,189,668,613,623,CONFIRM,CONFIRM,CONFIRM,CONFIRM,CONFIRM,CONFIRM,CONFIRM,CONFIRM,CONFIRM,CONFIRM,CONFIRM,CONFIRM,CONFIRM,OUT_OF_RANGE,OUT_OF_RANGE,OUT_OF_RANGE,OUT_OF_RANGE,CONFIRM,CONFIRM,CONFIRM,CONFIRM,CONFIRM,CONFIRM,CONFIRM,CONFIRM,CONFIRM,CONFIRM,CONFIRM,CONFIRM,CONFIRM,OUT_OF_RANGE,CONFIRM,OUT_OF_RANGE,OUT_OF_RANGE
1500,4,0,25,19,1URS,550,231,554,227,543,226,584,236,551,240,643,285,509,283,700,354,435,269,610,352,355,235,696,443,616,474,777,548,493,545,884,628,471,630,277,215,262,208,279,209,224,215,251,216,183,288,314,281,168,375,369,332,216,357,394,308,209,449,318,438,171,547,381,537,134,643,414,650,UNCLEAR,UNCLEAR,UNCLEAR,UNCLEAR,CONFIRM,CONFIRM,CONFIRM,CONFIRM,CONFIRM,CONFIRM,CONFIRM,CONFIRM,CONFIRM,OUT_OF_RANGE,OUT_OF_RANGE,OUT_OF_RANGE,OUT_OF_RANGE,CONFIRM,CONFIRM,CONFIRM,CONFIRM,UNCLEAR,CONFIRM,CONFIRM,CONFIRM,CONFIRM,CONFIRM,CONFIRM,CONFIRM,CONFIRM,OUT_OF_RANGE,CONFIRM,OUT_OF_RANGE,OUT_OF_RANGE
1500,5,0,22,20,1URS,528,180,518,169,534,171,481,181,512,179,436,223,555,228,411,285,609,216,443,319,689,185,399,378,485,397,319,452,549,464,284,519,548,577,745,194,761,185,755,187,799,204,790,203,843,260,745,259,793,307,659,281,719,322,611,253,840,466,743,451,885,587,633,509,948,668,620,616,CONFIRM,CONFIRM,CONFIRM,CONFIRM,UNCLEAR,CONFIRM,CONFIRM,CONFIRM,CONFIRM,CONFIRM,CONFIRM,CONFIRM,CONFIRM,CONFIRM,CONFIRM,CONFIRM,OUT_OF_RANGE,CONFIRM,UNCLEAR,CONFIRM,UNCLEAR,CONFIRM,CONFIRM,CONFIRM,UNCLEAR,CONFIRM,CONFIRM,CONFIRM,CONFIRM,CONFIRM,OUT_OF_RANGE,CONFIRM,OUT_OF_RANGE,OUT_OF_RANGE
1500,5,0,38,57,1URS,309,170,301,166,319,165,290,175,341,175,285,222,367,202,285,279,372,215,286,320,380,220,327,352,393,344,351,445,424,426,395,518,441,481,387,183,405,174,376,173,423,181,362,182,468,228,341,248,433,263,337,332,389,248,382,359,467,416,383,415,476,535,366,538,506,645,364,624,CONFIRM,CONFIRM,CONFIRM,CONFIRM,CONFIRM,CONFIRM,CONFIRM,CONFIRM,CONFIRM,CONFIRM,CONFIRM,CONFIRM,UNCLEAR,CONFIRM,UNCLEAR,CONFIRM,UNCLEAR,UNCLEAR,UNCLEAR,UNCLEAR,CONFIRM,CONFIRM,CONFIRM,CONFIRM,UNCLEAR,CONFIRM,UNCLEAR,UNCLEAR,CONFIRM,CONFIRM,OUT_OF_RANGE,OUT_OF_RANGE,OUT_OF_RANGE,OUT_OF_RANGE
1500,8,0,32,3,1URS,420,233,411,226,427,227,405,234,438,237,403,267,445,262,395,309,461,275,403,328,458,278,404,394,464,404,403,471,473,474,432,520,482,517,486,240,502,235,473,234,515,245,459,240,538,302,448,290,566,382,420,349,526,366,457,338,468,451,417,439,511,573,442,541,527,657,461,614,CONFIRM,CONFIRM,CONFIRM,CONFIRM,CONFIRM,CONFIRM,CONFIRM,CONFIRM,CONFIRM,CONFIRM,CONFIRM,CONFIRM,UNCLEAR,UNCLEAR,UNCLEAR,UNCLEAR,UNCLEAR,UNCLEAR,UNCLEAR,UNCLEAR,UNCLEAR,UNCLEAR,CONFIRM,CONFIRM,CONFIRM,CONFIRM,UNCLEAR,UNCLEAR,CONFIRM,CONFIRM,OUT_OF_RANGE,OUT_OF_RANGE,OUT_OF_RANGE,OUT_OF_RANGE
1500,9,1,18,9,1URS,575,108,565,104,565,104,537,113,537,113,446,189,612,175,394,252,694,163,394,310,784,153,417,380,517,379,349,488,602,478,292,537,591,568,822,215,829,202,829,202,878,208,878,208,926,271,832,265,879,356,750,263,810,329,675,228,955,427,844,434,992,549,720,494,1079,616,683,615,CONFIRM,CONFIRM,CONFIRM,CONFIRM,CONFIRM,CONFIRM,CONFIRM,CONFIRM,CONFIRM,CONFIRM,CONFIRM,CONFIRM,CONFIRM,CONFIRM,CONFIRM,CONFIRM,OUT_OF_RANGE,CONFIRM,CONFIRM,CONFIRM,CONFIRM,CONFIRM,UNCLEAR,CONFIRM,UNCLEAR,CONFIRM,CONFIRM,CONFIRM,CONFIRM,CONFIRM,OUT_OF_RANGE,CONFIRM,OUT_OF_RANGE,OUT_OF_RANGE
1500,10,0,15,45,1URS,99,170,85,161,105,160,58,179,123,170,45,222,153,210,67,290,191,203,122,274,258,179,28,376,124,385,-24,481,165,470,-86,551,124,571,311,183,325,171,320,173,360,192,358,193,288,217,392,255,235,223,353,327,172,217,295,290,298,401,369,407,224,487,415,519,474,574,195,576,CONFIRM,CONFIRM,CONFIRM,CONFIRM,CONFIRM,CONFIRM,CONFIRM,CONFIRM,CONFIRM,CONFIRM,CONFIRM,CONFIRM,CONFIRM,OUT_OF_RANGE,CONFIRM,OUT_OF_RANGE,OUT_OF_RANGE,CONFIRM,UNCLEAR,CONFIRM,UNCLEAR,CONFIRM,CONFIRM,CONFIRM,CONFIRM,CONFIRM,CONFIRM,CONFIRM,CONFIRM,CONFIRM,CONFIRM,CONFIRM,OUT_OF_RANGE,OUT_OF_RANGE
1500,11,0,35,48,1URS,503,204,528,198,491,196,536,205,492,217,592,275,453,265,666,378,375,262,616,406,295,239,596,473,486,479,641,575,380,557,686,695,352,649,249,215,240,204,252,204,192,205,217,206,162,275,267,266,123,367,316,329,196,361,327,316,163,438,268,426,132,542,347,509,101,631,406,609,UNCLEAR,UNCLEAR,UNCLEAR,UNCLEAR,UNCLEAR,CONFIRM,CONFIRM,CONFIRM,CONFIRM,CONFIRM,CONFIRM,CONFIRM,CONFIRM,OUT_OF_RANGE,OUT_OF_RANGE,OUT_OF_RANGE,OUT_OF_RANGE,CONFIRM,CONFIRM,CONFIRM,CONFIRM,UNCLEAR,CONFIRM,CONFIRM,CONFIRM,CONFIRM,CONFIRM,CONFIRM,CONFIRM,CONFIRM,OUT_OF_RANGE,CONFIRM,OUT_OF_RANGE,OUT_OF_RANGE
1500,14,0,29,2,1URS,431,117,418,110,435,108,390,119,428,119,370,165,455,158,378,226,516,153,432,220,582,140,342,284,424,303,284,363,476,361,213,425,503,438,632,126,643,117,643,117,671,124,671,124,626,173,694,193,611,229,661,240,570,217,605,226,634,300,685,299,625,385,684,410,681,403,698,475,CONFIRM,CONFIRM,CONFIRM,CONFIRM,UNCLEAR,CONFIRM,CONFIRM,CONFIRM,CONFIRM,CONFIRM,CONFIRM,CONFIRM,CONFIRM,CONFIRM,CONFIRM,CONFIRM,CONFIRM,CONFIRM,CONFIRM,CONFIRM,CONFIRM,CONFIRM,CONFIRM,CONFIRM,CONFIRM,CONFIRM,CONFIRM,CONFIRM,CONFIRM,CONFIRM,CONFIRM,CONFIRM,UNCLEAR,CONFIRM
1500,15,0,26,14,1URS,474,107,462,97,477,99,428,102,469,105,388,141,507,146,361,199,553,144,349,228,621,120,362,267,431,285,304,349,458,387,277,395,457,495,686,102,694,87,694,87,724,94,724,94,780,172,633,153,726,237,586,176,651,246,581,151,719,348,650,339,730,447,569,445,785,558,558,557,CONFIRM,CONFIRM,CONFIRM,CONFIRM,UNCLEAR,CONFIRM,CONFIRM,CONFIRM,CONFIRM,CONFIRM,CONFIRM,CONFIRM,CONFIRM,CONFIRM,CONFIRM,CONFIRM,CONFIRM,CONFIRM,CONFIRM,CONFIRM,CONFIRM,CONFIRM,CONFIRM,CONFIRM,UNCLEAR,CONFIRM,CONFIRM,CONFIRM,CONFIRM,CONFIRM,CONFIRM,CONFIRM,OUT_OF_RANGE,OUT_OF_RANGE
1500,17,0,26,8,1URS,207,53,189,41,189,41,149,65,149,65,114,171,240,105,149,323,286,116,204,407,370,87,104,386,210,364,42,546,304,507,-3,661,310,646,430,74,445,62,434,60,462,76,459,76,526,159,417,113,484,204,344,117,430,211,260,116,494,361,373,320,518,468,283,338,585,600,188,418,CONFIRM,CONFIRM,CONFIRM,CONFIRM,CONFIRM,CONFIRM,CONFIRM,CONFIRM,CONFIRM,CONFIRM,CONFIRM,CONFIRM,CONFIRM,OUT_OF_RANGE,CONFIRM,OUT_OF_RANGE,OUT_OF_RANGE,CONFIRM,UNCLEAR,CONFIRM,UNCLEAR,CONFIRM,UNCLEAR,CONFIRM,UNCLEAR,CONFIRM,CONFIRM,CONFIRM,CONFIRM,CONFIRM,CONFIRM,CONFIRM,OUT_OF_RANGE,CONFIRM
1500,17,0,59,32,1URS,330,168,340,160,320,162,358,170,297,167,388,209,276,219,422,273,239,209,410,322,196,199,399,347,331,364,516,462,324,511,563,539,349,595,185,191,175,181,183,181,146,193,178,188,122,231,205,244,107,271,213,306,154,235,176,267,144,374,213,357,132,471,278,438,108,501,312,513,UNCLEAR,UNCLEAR,UNCLEAR,UNCLEAR,UNCLEAR,CONFIRM,CONFIRM,CONFIRM,CONFIRM,CONFIRM,CONFIRM,CONFIRM,CONFIRM,CONFIRM,CONFIRM,CONFIRM,OUT_OF_RANGE,CONFIRM,CONFIRM,CONFIRM,CONFIRM,UNCLEAR,CONFIRM,CONFIRM,CONFIRM,CONFIRM,CONFIRM,CONFIRM,CONFIRM,CONFIRM,CONFIRM,CONFIRM,CONFIRM,CONFIRM
1500,18,1,9,51,1URS,519,117,509,105,509,105,476,114,476,114,405,174,539,158,297,226,574,161,350,309,701,130,334,403,436,383,255,509,547,464,161,568,557,574,789,123,792,115,804,120,817,123,847,134,870,184,800,195,809,262,705,227,736,260,670,199,882,369,814,384,864,490,735,510,933,566,721,626,CONFIRM,CONFIRM,CONFIRM,CONFIRM,CONFIRM,CONFIRM,CONFIRM,CONFIRM,CONFIRM,CONFIRM,CONFIRM,CONFIRM,CONFIRM,CONFIRM,CONFIRM,OUT_OF_RANGE,OUT_OF_RANGE,CONFIRM,CONFIRM,CONFIRM,UNCLEAR,CONFIRM,UNCLEAR,CONFIRM,UNCLEAR,CONFIRM,CONFIRM,CONFIRM,CONFIRM,CONFIRM,CONFIRM,CONFIRM,OUT_OF_RANGE,OUT_OF_RANGE
1500,20,0,27,34,1URS,583,114,573,101,573,101,534,106,534,106,454,173,610,162,401,238,696,147,402,290,777,125,416,379,510,371,345,468,599,469,273,554,588,571,857,141,865,132,865,132,909,128,909,128,983,218,848,201,946,269,745,226,904,285,671,221,966,390,852,377,982,507,760,509,1037,617,720,614,CONFIRM,CONFIRM,CONFIRM,CONFIRM,CONFIRM,CONFIRM,CONFIRM,CONFIRM,CONFIRM,CONFIRM,CONFIRM,CONFIRM,CONFIRM,CONFIRM,CONFIRM,OUT_OF_RANGE,OUT_OF_RANGE,CONFIRM,CONFIRM,CONFIRM,CONFIRM,CONFIRM,OUT_OF_RANGE,CONFIRM,UNCLEAR,CONFIRM,UNCLEAR,CONFIRM,OUT_OF_RANGE,CONFIRM,OUT_OF_RANGE,CONFIRM,OUT_OF_RANGE,OUT_OF_RANGE
1500,21,1,2,32,1URS,543,170,527,163,538,162,490,176,522,173,442,224,564,214,409,307,631,192,457,347,705,153,405,399,494,398,325,498,578,453,248,569,596,582,778,141,779,124,779,124,815,122,815,122,878,190,796,165,796,251,727,207,712,272,665,220,837,372,780,343,799,480,646,347,852,577,587,422,CONFIRM,CONFIRM,CONFIRM,CONFIRM,UNCLEAR,CONFIRM,CONFIRM,CONFIRM,CONFIRM,CONFIRM,CONFIRM,CONFIRM,CONFIRM,CONFIRM,CONFIRM,OUT_OF_RANGE,OUT_OF_RANGE,CONFIRM,CONFIRM,CONFIRM,CONFIRM,CONFIRM,UNCLEAR,CONFIRM,UNCLEAR,CONFIRM,CONFIRM,CONFIRM,CONFIRM,CONFIRM,CONFIRM,CONFIRM,OUT_OF_RANGE,CONFIRM
1500,22,1,33,10,1URS,487,142,501,127,492,128,535,137,524,137,638,209,457,196,689,318,346,197,616,349,249,182,690,449,569,480,768,558,470,558,884,687,426,660,231,121,220,109,230,110,172,116,182,115,134,192,237,211,171,314,283,266,283,348,347,280,176,431,261,411,199,582,315,560,238,698,301,680,CONFIRM,UNCLEAR,CONFIRM,UNCLEAR,CONFIRM,CONFIRM,CONFIRM,CONFIRM,CONFIRM,CONFIRM,CONFIRM,CONFIRM,CONFIRM,OUT_OF_RANGE,OUT_OF_RANGE,OUT_OF_RANGE,OUT_OF_RANGE,CONFIRM,CONFIRM,CONFIRM,CONFIRM,UNCLEAR,CONFIRM,CONFIRM,CONFIRM,CONFIRM,CONFIRM,CONFIRM,CONFIRM,CONFIRM,OUT_OF_RANGE,OUT_OF_RANGE,OUT_OF_RANGE,OUT_OF_RANGE
1500,21,0,9,50,2MLA,700,160,696,150,696,150,676,154,673,153,689,161,605,218,697,169,629,286,697,184,688,265,710,311,758,253,704,441,872,253,690,530,902,244,961,105,980,96,975,96,992,115,989,115,1031,179,919,159,1004,245,826,172,967,271,770,184,983,369,914,362,984,485,852,506,1014,577,832,571,UNCLEAR,UNCLEAR,UNCLEAR,CONFIRM,UNCLEAR,CONFIRM,CONFIRM,CONFIRM,CONFIRM,CONFIRM,UNCLEAR,CONFIRM,CONFIRM,CONFIRM,CONFIRM,CONFIRM,CONFIRM,OUT_OF_RANGE,OUT_OF_RANGE,OUT_OF_RANGE,OUT_OF_RANGE,OUT_OF_RANGE,OUT_OF_RANGE,CONFIRM,OUT_OF_RANGE,CONFIRM,OUT_OF_RANGE,CONFIRM,OUT_OF_RANGE,CONFIRM,OUT_OF_RANGE,CONFIRM,OUT_OF_RANGE,OUT_OF_RANGE
1500,9,0,40,57,2MLF,752,181,755,169,771,177,766,182,799,194,720,201,809,248,638,233,832,317,582,236,778,270,625,294,682,363,554,317,674,474,450,304,618,559,235,138,223,126,229,126,177,136,188,136,108,205,252,208,71,313,279,304,98,372,304,336,110,436,212,420,50,534,310,502,-34,579,304,602,CONFIRM,CONFIRM,CONFIRM,UNCLEAR,CONFIRM,CONFIRM,CONFIRM,CONFIRM,CONFIRM,CONFIRM,CONFIRM,CONFIRM,CONFIRM,CONFIRM,CONFIRM,CONFIRM,OUT_OF_RANGE,CONFIRM,CONFIRM,UNCLEAR,CONFIRM,UNCLEAR,CONFIRM,CONFIRM,CONFIRM,CONFIRM,CONFIRM,CONFIRM,CONFIRM,CONFIRM,CONFIRM,CONFIRM,OUT_OF_RANGE,OUT_OF_RANGE
1500,17,0,10,44,2MLF,642,167,651,155,670,160,697,178,730,186,606,204,782,273,603,298,759,341,657,352,632,248,469,354,563,476,297,333,601,615,143,307,630,747,-8,132,-19,116,-4,116,-34,127,-27,127,-96,234,15,214,-98,322,71,287,-45,295,118,234,-85,458,25,433,-107,569,100,564,-113,684,147,684,CONFIRM,CONFIRM,CONFIRM,UNCLEAR,CONFIRM,CONFIRM,CONFIRM,UNCLEAR,CONFIRM,UNCLEAR,CONFIRM,CONFIRM,CONFIRM,CONFIRM,OUT_OF_RANGE,CONFIRM,OUT_OF_RANGE,OUT_OF_RANGE,OUT_OF_RANGE,OUT_OF_RANGE,OUT_OF_RANGE,OUT_OF_RANGE,OUT_OF_RANGE,CONFIRM,OUT_OF_RANGE,CONFIRM,OUT_OF_RANGE,CONFIRM,OUT_OF_RANGE,CONFIRM,OUT_OF_RANGE,OUT_OF_RANGE,OUT_OF_RANGE,OUT_OF_RANGE
1500,21,0,27,33,2MLF,250,250,259,233,232,252,283,233,230,275,382,253,257,312,393,331,243,402,403,389,202,477,511,315,482,406,630,303,405,526,722,270,413,639,884,152,892,136,892,136,939,136,939,136,979,193,949,181,936,239,850,177,882,293,782,140,987,423,969,417,922,520,836,484,932,627,825,610,CONFIRM,CONFIRM,CONFIRM,CONFIRM,CONFIRM,CONFIRM,CONFIRM,UNCLEAR,CONFIRM,CONFIRM,CONFIRM,CONFIRM,CONFIRM,CONFIRM,CONFIRM,CONFIRM,OUT_OF_RANGE,CONFIRM,CONFIRM,CONFIRM,CONFIRM,CONFIRM,UNCLEAR,CONFIRM,UNCLEAR,CONFIRM,CONFIRM,CONFIRM,OUT_OF_RANGE,OUT_OF_RANGE,CONFIRM,CONFIRM,OUT_OF_RANGE,OUT_OF_RANGE
1500,21,0,41,10,2MLF,371,197,360,189,360,189,342,199,342,199,368,216,300,261,358,250,351,268,343,285,402,247,456,299,407,359,588,302,409,490,676,298,421,611,808,160,815,148,818,146,837,148,825,151,922,187,779,210,985,245,706,262,948,294,669,294,930,360,843,374,1024,500,790,473,1088,590,737,586,CONFIRM,CONFIRM,CONFIRM,CONFIRM,CONFIRM,CONFIRM,CONFIRM,CONFIRM,UNCLEAR,CONFIRM,CONFIRM,CONFIRM,CONFIRM,CONFIRM,CONFIRM,CONFIRM,OUT_OF_RANGE,UNCLEAR,UNCLEAR,UNCLEAR,UNCLEAR,CONFIRM,CONFIRM,CONFIRM,OUT_OF_RANGE,CONFIRM,CONFIRM,CONFIRM,CONFIRM,CONFIRM,OUT_OF_RANGE,CONFIRM,OUT_OF_RANGE,OUT_OF_RANGE
1500,22,1,17,51,2MLF,19,130,32,124,16,137,55,131,-15,144,144,193,-45,252,218,264,19,314,289,323,80,328,199,372,103,456,207,325,85,580,203,317,71,694,194,196,188,190,202,190,173,197,229,201,165,246,239,241,153,279,248,291,143,301,231,253,183,384,240,372,167,466,255,476,171,531,341,518,UNCLEAR,UNCLEAR,OUT_OF_RANGE,CONFIRM,OUT_OF_RANGE,CONFIRM,OUT_OF_RANGE,CONFIRM,CONFIRM,CONFIRM,CONFIRM,CONFIRM,CONFIRM,CONFIRM,OUT_OF_RANGE,CONFIRM,OUT_OF_RANGE,CONFIRM,CONFIRM,CONFIRM,CONFIRM,CONFIRM,UNCLEAR,CONFIRM,UNCLEAR,CONFIRM,UNCLEAR,CONFIRM,UNCLEAR,CONFIRM,CONFIRM,CONFIRM,CONFIRM,CONFIRM
1500,2,1,33,36,2MLS,477,143,475,134,452,134,465,138,417,139,508,177,379,236,502,258,446,216,480,318,505,209,615,366,551,430,725,347,536,549,844,329,555,677,802,181,801,168,816,172,820,177,853,185,825,229,852,253,801,295,836,299,771,295,800,312,807,398,812,409,828,493,722,521,878,608,697,649,UNCLEAR,UNCLEAR,UNCLEAR,CONFIRM,UNCLEAR,CONFIRM,CONFIRM,CONFIRM,UNCLEAR,CONFIRM,CONFIRM,CONFIRM,CONFIRM,CONFIRM,OUT_OF_RANGE,CONFIRM,OUT_OF_RANGE,CONFIRM,CONFIRM,CONFIRM,UNCLEAR,CONFIRM,CONFIRM,CONFIRM,UNCLEAR,CONFIRM,CONFIRM,CONFIRM,CONFIRM,CONFIRM,CONFIRM,CONFIRM,OUT_OF_RANGE,OUT_OF_RANGE
1500,10,0,24,48,2MLS,431,140,418,133,418,133,396,144,396,144,432,166,360,209,473,197,410,227,533,193,481,246,519,255,471,306,621,245,480,420,713,226,502,518,730,131,744,118,738,118,774,119,760,123,870,176,753,170,817,250,651,188,737,269,587,160,889,373,794,376,884,516,707,516,862,614,689,638,CONFIRM,CONFIRM,CONFIRM,CONFIRM,CONFIRM,CONFIRM,CONFIRM,CONFIRM,UNCLEAR,CONFIRM,UNCLEAR,CONFIRM,CONFIRM,CONFIRM,CONFIRM,CONFIRM,CONFIRM,UNCLEAR,UNCLEAR,UNCLEAR,UNCLEAR,CONFIRM,CONFIRM,CONFIRM,UNCLEAR,CONFIRM,CONFIRM,CONFIRM,CONFIRM,CONFIRM,CONFIRM,CONFIRM,OUT_OF_RANGE,OUT_OF_RANGE
1500,12,0,13,43,2MLS,586,111,590,98,602,102,622,101,639,106,568,119,658,181,562,193,610,236,585,239,558,165,453,251,512,303,318,244,533,442,197,223,492,520,143,69,125,50,145,50,67,61,94,59,9,149,171,141,5,254,238,195,33,299,314,282,44,382,161,363,42,540,237,477,-13,617,295,548,CONFIRM,UNCLEAR,CONFIRM,UNCLEAR,CONFIRM,CONFIRM,CONFIRM,UNCLEAR,CONFIRM,UNCLEAR,CONFIRM,CONFIRM,CONFIRM,CONFIRM,CONFIRM,CONFIRM,CONFIRM,CONFIRM,CONFIRM,CONFIRM,CONFIRM,UNCLEAR,CONFIRM,CONFIRM,CONFIRM,CONFIRM,CONFIRM,CONFIRM,CONFIRM,CONFIRM,OUT_OF_RANGE,CONFIRM,OUT_OF_RANGE,OUT_OF_RANGE
1500,22,0,16,5,2MLS,527,122,526,103,524,103,495,97,494,97,513,132,440,177,455,219,563,192,389,289,591,152,641,282,582,364,764,278,623,493,952,241,714,596,893,93,904,82,904,82,954,94,954,94,993,160,963,174,987,238,889,205,935,279,775,203,993,379,955,358,1032,469,871,469,1111,551,891,607,CONFIRM,CONFIRM,CONFIRM,CONFIRM,CONFIRM,CONFIRM,UNCLEAR,CONFIRM,CONFIRM,CONFIRM,CONFIRM,CONFIRM,CONFIRM,CONFIRM,CONFIRM,CONFIRM,OUT_OF_RANGE,CONFIRM,CONFIRM,CONFIRM,CONFIRM,CONFIRM,OUT_OF_RANGE,OUT_OF_RANGE,CONFIRM,CONFIRM,CONFIRM,CONFIRM,OUT_OF_RANGE,CONFIRM,OUT_OF_RANGE,CONFIRM,OUT_OF_RANGE,OUT_OF_RANGE
1500,3,0,28,5,2MRF,327,199,314,202,336,192,278,218,344,191,287,271,388,220,281,348,495,244,309,361,543,251,435,389,485,322,422,507,592,323,433,602,682,331,863,152,872,145,875,150,895,155,895,155,959,221,841,192,995,328,753,253,975,304,681,272,793,401,731,325,842,515,603,279,835,651,508,280,CONFIRM,CONFIRM,CONFIRM,CONFIRM,CONFIRM,CONFIRM,CONFIRM,CONFIRM,CONFIRM,CONFIRM,CONFIRM,CONFIRM,CONFIRM,CONFIRM,CONFIRM,OUT_OF_RANGE,CONFIRM,CONFIRM,UNCLEAR,UNCLEAR,CONFIRM,CONFIRM,CONFIRM,CONFIRM,OUT_OF_RANGE,CONFIRM,OUT_OF_RANGE,CONFIRM,CONFIRM,CONFIRM,CONFIRM,CONFIRM,OUT_OF_RANGE,CONFIRM
1500,3,0,39,19,2MRF,623,248,633,246,624,242,640,252,649,259,675,360,596,259,608,367,540,265,554,330,454,280,542,431,479,351,524,568,379,318,521,667,221,275,331,158,318,145,332,146,276,150,301,151,243,202,325,224,170,259,315,301,206,338,355,272,202,414,304,411,145,534,382,511,59,572,386,612,UNCLEAR,UNCLEAR,UNCLEAR,CONFIRM,UNCLEAR,CONFIRM,CONFIRM,UNCLEAR,CONFIRM,UNCLEAR,CONFIRM,CONFIRM,CONFIRM,OUT_OF_RANGE,CONFIRM,OUT_OF_RANGE,CONFIRM,CONFIRM,CONFIRM,CONFIRM,CONFIRM,UNCLEAR,CONFIRM,CONFIRM,CONFIRM,UNCLEAR,CONFIRM,CONFIRM,CONFIRM,CONFIRM,CONFIRM,CONFIRM,OUT_OF_RANGE,OUT_OF_RANGE
1500,8,0,14,1,2MRF,233,117,217,106,235,104,151,112,214,109,109,215,265,152,207,342,272,239,309,325,240,303,294,425,373,343,299,549,465,351,285,640,652,361,751,206,768,197,766,197,809,208,815,208,894,289,759,285,830,367,631,341,778,392,566,343,876,502,752,497,888,614,637,570,886,712,591,647,CONFIRM,CONFIRM,CONFIRM,CONFIRM,UNCLEAR,CONFIRM,CONFIRM,CONFIRM,UNCLEAR,CONFIRM,UNCLEAR,CONFIRM,CONFIRM,OUT_OF_RANGE,CONFIRM,OUT_OF_RANGE,CONFIRM,CONFIRM,CONFIRM,CONFIRM,CONFIRM,CONFIRM,CONFIRM,CONFIRM,UNCLEAR,CONFIRM,UNCLEAR,CONFIRM,CONFIRM,CONFIRM,OUT_OF_RANGE,OUT_OF_RANGE,OUT_OF_RANGE,OUT_OF_RANGE
1500,17,0,10,4,2MRF,109,80,89,60,88,60,27,78,27,78,-36,198,146,125,146,250,224,221,191,167,252,240,172,355,253,250,185,543,387,199,183,667,477,235,582,141,593,125,593,125,624,127,624,127,654,180,631,155,615,219,566,175,576,230,498,198,641,337,579,262,619,442,457,260,602,536,337,263,CONFIRM,CONFIRM,CONFIRM,CONFIRM,CONFIRM,OUT_OF_RANGE,CONFIRM,CONFIRM,CONFIRM,CONFIRM,CONFIRM,CONFIRM,CONFIRM,OUT_OF_RANGE,CONFIRM,OUT_OF_RANGE,CONFIRM,CONFIRM,CONFIRM,CONFIRM,CONFIRM,CONFIRM,UNCLEAR,CONFIRM,UNCLEAR,CONFIRM,UNCLEAR,CONFIRM,CONFIRM,CONFIRM,CONFIRM,CONFIRM,CONFIRM,CONFIRM
1500,17,0,25,52,2MRF,532,136,544,128,540,128,558,131,569,132,588,184,554,151,545,215,523,177,512,235,475,192,573,337,510,266,549,430,355,279,576,538,216,274,173,112,157,100,150,100,134,115,129,115,119,189,130,193,198,251,193,309,342,317,246,240,28,410,97,401,24,579,239,511,-14,694,351,623,CONFIRM,UNCLEAR,CONFIRM,UNCLEAR,CONFIRM,UNCLEAR,CONFIRM,UNCLEAR,CONFIRM,UNCLEAR,CONFIRM,CONFIRM,CONFIRM,CONFIRM,CONFIRM,CONFIRM,CONFIRM,CONFIRM,CONFIRM,UNCLEAR,CONFIRM,UNCLEAR,CONFIRM,UNCLEAR,CONFIRM,CONFIRM,CONFIRM,CONFIRM,CONFIRM,CONFIRM,OUT_OF_RANGE,CONFIRM,OUT_OF_RANGE,OUT_OF_RANGE
1500,10,0,16,43,2ULF,380,208,371,203,369,203,352,204,355,204,368,217,323,256,343,234,357,266,320,246,399,242,424,293,383,348,514,281,403,449,626,248,429,557,724,185,729,172,729,172,755,172,755,172,761,236,779,239,722,305,709,302,672,345,647,347,768,402,796,403,723,503,766,558,812,564,744,661,CONFIRM,CONFIRM,UNCLEAR,CONFIRM,UNCLEAR,CONFIRM,UNCLEAR,CONFIRM,UNCLEAR,CONFIRM,CONFIRM,CONFIRM,CONFIRM,CONFIRM,CONFIRM,CONFIRM,OUT_OF_RANGE,CONFIRM,CONFIRM,CONFIRM,CONFIRM,CONFIRM,CONFIRM,CONFIRM,CONFIRM,CONFIRM,CONFIRM,CONFIRM,CONFIRM,CONFIRM,CONFIRM,OUT_OF_RANGE,OUT_OF_RANGE,OUT_OF_RANGE
1500,12,0,11,4,2URF,770,89,783,81,778,81,812,86,809,86,833,155,776,106,776,176,773,163,704,168,752,193,731,272,695,210,707,399,540,163,698,516,438,133,218,78,206,61,206,61,160,66,160,66,107,137,229,128,122,253,279,191,231,259,308,200,130,343,234,328,121,486,313,434,67,577,326,503,CONFIRM,UNCLEAR,CONFIRM,UNCLEAR,CONFIRM,UNCLEAR,CONFIRM,UNCLEAR,CONFIRM,CONFIRM,CONFIRM,CONFIRM,CONFIRM,CONFIRM,CONFIRM,CONFIRM,CONFIRM,CONFIRM,CONFIRM,CONFIRM,CONFIRM,CONFIRM,CONFIRM,CONFIRM,CONFIRM,CONFIRM,CONFIRM,CONFIRM,CONFIRM,CONFIRM,CONFIRM,CONFIRM,OUT_OF_RANGE,CONFIRM
1500,17,0,56,50,2URF,693,154,704,152,692,143,726,179,689,152,720,272,612,155,636,276,547,141,594,244,438,120,496,334,454,247,512,467,340,186,519,576,244,142,155,111,141,99,163,99,103,106,161,110,76,168,171,168,55,237,205,221,60,265,192,155,102,342,184,329,101,443,227,401,122,513,288,486,UNCLEAR,UNCLEAR,UNCLEAR,UNCLEAR,CONFIRM,CONFIRM,CONFIRM,UNCLEAR,CONFIRM,UNCLEAR,CONFIRM,CONFIRM,CONFIRM,CONFIRM,CONFIRM,OUT_OF_RANGE,CONFIRM,CONFIRM,CONFIRM,CONFIRM,CONFIRM,CONFIRM,CONFIRM,CONFIRM,CONFIRM,CONFIRM,CONFIRM,CONFIRM,CONFIRM,CONFIRM,CONFIRM,CONFIRM,CONFIRM,CONFIRM
1500,19,0,33,14,2URF,638,148,652,150,645,148,658,162,646,157,696,230,608,170,703,311,561,204,654,313,508,249,561,317,521,256,573,395,398,209,599,512,328,185,254,148,243,138,256,138,212,145,247,147,179,200,272,195,169,261,291,251,213,287,305,288,211,333,281,321,185,414,341,389,169,468,390,463,UNCLEAR,UNCLEAR,UNCLEAR,UNCLEAR,CONFIRM,CONFIRM,CONFIRM,CONFIRM,CONFIRM,CONFIRM,CONFIRM,CONFIRM,CONFIRM,CONFIRM,CONFIRM,CONFIRM,CONFIRM,CONFIRM,CONFIRM,CONFIRM,CONFIRM,UNCLEAR,CONFIRM,CONFIRM,CONFIRM,CONFIRM,CONFIRM,CONFIRM,CONFIRM,CONFIRM,CONFIRM,CONFIRM,CONFIRM,CONFIRM
1500,10,0,15,26,3MLF,359,110,370,101,370,101,396,112,396,112,443,155,392,183,403,226,325,207,360,254,253,180,348,293,391,324,245,283,370,454,151,321,394,553,8,118,-8,114,12,112,-26,129,18,128,-64,193,48,190,-59,248,62,247,-6,244,102,251,-58,364,31,353,-102,438,101,416,-121,518,153,506,CONFIRM,CONFIRM,CONFIRM,CONFIRM,CONFIRM,CONFIRM,CONFIRM,UNCLEAR,CONFIRM,UNCLEAR,CONFIRM,CONFIRM,CONFIRM,CONFIRM,CONFIRM,CONFIRM,OUT_OF_RANGE,CONFIRM,OUT_OF_RANGE,UNCLEAR,OUT_OF_RANGE,UNCLEAR,OUT_OF_RANGE,CONFIRM,OUT_OF_RANGE,CONFIRM,OUT_OF_RANGE,CONFIRM,OUT_OF_RANGE,CONFIRM,OUT_OF_RANGE,CONFIRM,OUT_OF_RANGE,CONFIRM
1500,15,0,23,28,3MLF,432,110,420,104,447,100,480,100,428,107,481,145,478,163,409,174,447,223,386,197,391,180,404,266,448,336,350,240,439,472,290,214,450,560,268,159,259,148,278,148,244,156,286,161,228,197,303,207,217,253,309,267,223,294,280,307,233,328,293,338,209,383,298,404,237,441,337,492,UNCLEAR,UNCLEAR,UNCLEAR,UNCLEAR,CONFIRM,UNCLEAR,CONFIRM,CONFIRM,CONFIRM,CONFIRM,CONFIRM,CONFIRM,CONFIRM,CONFIRM,CONFIRM,CONFIRM,OUT_OF_RANGE,CONFIRM,CONFIRM,CONFIRM,CONFIRM,CONFIRM,CONFIRM,CONFIRM,CONFIRM,CONFIRM,CONFIRM,CONFIRM,CONFIRM,CONFIRM,CONFIRM,CONFIRM,CONFIRM,CONFIRM
1500,5,0,10,17,3MRF,526,176,539,165,535,166,563,167,563,167,645,224,527,221,681,264,480,273,601,298,410,250,574,420,484,362,555,514,364,353,561,613,274,350,168,211,157,202,172,201,119,216,143,211,77,280,192,268,88,369,253,312,151,392,281,278,94,442,196,431,32,535,262,514,-37,609,277,622,CONFIRM,UNCLEAR,CONFIRM,UNCLEAR,CONFIRM,CONFIRM,CONFIRM,CONFIRM,CONFIRM,UNCLEAR,CONFIRM,CONFIRM,CONFIRM,CONFIRM,CONFIRM,OUT_OF_RANGE,CONFIRM,CONFIRM,CONFIRM,CONFIRM,CONFIRM,UNCLEAR,CONFIRM,CONFIRM,CONFIRM,CONFIRM,CONFIRM,CONFIRM,CONFIRM,CONFIRM,CONFIRM,CONFIRM,OUT_OF_RANGE,OUT_OF_RANGE
1500,10,0,9,5,3MRF,545,109,557,108,539,108,572,110,543,114,626,181,505,164,660,260,435,210,624,315,418,189,538,350,460,300,535,450,378,296,540,575,325,284,235,135,224,126,243,126,202,137,249,137,190,179,271,183,174,239,293,234,195,240,310,232,200,307,257,305,167,375,289,382,200,425,325,456,UNCLEAR,UNCLEAR,UNCLEAR,UNCLEAR,UNCLEAR,CONFIRM,CONFIRM,CONFIRM,CONFIRM,CONFIRM,CONFIRM,CONFIRM,CONFIRM,CONFIRM,CONFIRM,OUT_OF_RANGE,CONFIRM,CONFIRM,CONFIRM,CONFIRM,CONFIRM,CONFIRM,CONFIRM,CONFIRM,CONFIRM,CONFIRM,CONFIRM,CONFIRM,CONFIRM,CONFIRM,CONFIRM,CONFIRM,CONFIRM,CONFIRM
1500,11,0,24,58,3MRF,734,152,745,144,746,142,774,152,774,152,824,214,745,199,770,273,703,251,716,288,606,238,763,383,696,346,699,515,536,339,710,637,407,325,254,174,243,161,256,163,199,160,224,163,151,218,259,227,121,296,284,321,173,289,292,371,153,386,250,391,101,493,304,493,74,567,345,595,CONFIRM,CONFIRM,CONFIRM,CONFIRM,CONFIRM,UNCLEAR,CONFIRM,UNCLEAR,CONFIRM,UNCLEAR,CONFIRM,CONFIRM,CONFIRM,CONFIRM,CONFIRM,OUT_OF_RANGE,CONFIRM,CONFIRM,CONFIRM,CONFIRM,CONFIRM,UNCLEAR,CONFIRM,CONFIRM,CONFIRM,CONFIRM,CONFIRM,CONFIRM,CONFIRM,CONFIRM,CONFIRM,CONFIRM,OUT_OF_RANGE,OUT_OF_RANGE
1500,2,0,37,46,4,717,206,734,195,727,195,767,206,748,209,862,312,665,297,905,444,534,365,834,439,490,325,847,608,665,596,881,748,539,711,877,885,497,847,250,165,238,152,257,155,202,156,262,167,178,215,284,227,159,300,306,302,159,333,287,378,176,395,246,390,149,486,295,503,164,549,318,593,UNCLEAR,UNCLEAR,UNCLEAR,UNCLEAR,CONFIRM,OUT_OF_RANGE,CONFIRM,OUT_OF_RANGE,CONFIRM,OUT_OF_RANGE,CONFIRM,OUT_OF_RANGE,OUT_OF_RANGE,OUT_OF_RANGE,OUT_OF_RANGE,OUT_OF_RANGE,OUT_OF_RANGE,CONFIRM,CONFIRM,CONFIRM,CONFIRM,CONFIRM,CONFIRM,CONFIRM,CONFIRM,CONFIRM,CONFIRM,CONFIRM,CONFIRM,CONFIRM,CONFIRM,CONFIRM,OUT_OF_RANGE,OUT_OF_RANGE
1500,2,0,40,40,4,759,212,771,202,771,202,815,218,815,218,896,289,773,293,872,360,681,376,811,373,595,383,917,513,804,514,919,628,697,606,914,744,656,709,170,176,153,162,172,165,113,168,144,171,53,242,205,247,41,329,212,332,61,374,213,402,70,442,168,438,19,528,242,516,-49,592,256,631,CONFIRM,CONFIRM,CONFIRM,OUT_OF_RANGE,OUT_OF_RANGE,OUT_OF_RANGE,CONFIRM,OUT_OF_RANGE,CONFIRM,OUT_OF_RANGE,CONFIRM,OUT_OF_RANGE,OUT_OF_RANGE,OUT_OF_RANGE,OUT_OF_RANGE,OUT_OF_RANGE,OUT_OF_RANGE,CONFIRM,CONFIRM,CONFIRM,CONFIRM,UNCLEAR,CONFIRM,CONFIRM,CONFIRM,CONFIRM,CONFIRM,CONFIRM,CONFIRM,CONFIRM,CONFIRM,CONFIRM,OUT_OF_RANGE,OUT_OF_RANGE
1500,2,0,54,40,4,666,184,674,176,674,176,702,195,702,195,776,270,641,270,780,351,568,305,720,362,503,308,758,446,649,437,809,526,554,506,884,600,523,612,187,146,177,133,192,136,138,135,174,142,92,195,209,206,81,268,216,290,87,307,224,341,96,369,184,368,52,444,236,433,47,507,283,516,CONFIRM,CONFIRM,CONFIRM,CONFIRM,CONFIRM,CONFIRM,CONFIRM,CONFIRM,CONFIRM,UNCLEAR,CONFIRM,CONFIRM,CONFIRM,OUT_OF_RANGE,CONFIRM,OUT_OF_RANGE,OUT_OF_RANGE,CONFIRM,CONFIRM,CONFIRM,CONFIRM,UNCLEAR,CONFIRM,CONFIRM,CONFIRM,CONFIRM,CONFIRM,CONFIRM,CONFIRM,CONFIRM,CONFIRM,CONFIRM,CONFIRM,CONFIRM
1500,2,1,5,15,4,793,206,793,197,806,199,814,208,845,213,850,275,819,269,830,341,746,308,766,356,663,306,850,439,791,445,851,518,708,542,916,579,679,660,325,159,314,145,314,145,270,156,270,156,190,235,331,238,169,373,352,352,212,437,374,420,188,509,334,474,153,602,395,559,110,720,390,669,OUT_OF_RANGE,OUT_OF_RANGE,OUT_OF_RANGE,OUT_OF_RANGE,OUT_OF_RANGE,OUT_OF_RANGE,OUT_OF_RANGE,OUT_OF_RANGE,CONFIRM,CONFIRM,CONFIRM,OUT_OF_RANGE,CONFIRM,OUT_OF_RANGE,OUT_OF_RANGE,OUT_OF_RANGE,OUT_OF_RANGE,CONFIRM,CONFIRM,CONFIRM,CONFIRM,CONFIRM,CONFIRM,CONFIRM,CONFIRM,CONFIRM,CONFIRM,CONFIRM,CONFIRM,CONFIRM,OUT_OF_RANGE,OUT_OF_RANGE,OUT_OF_RANGE,OUT_OF_RANGE
1500,2,1,15,6,4,234,147,219,135,231,135,175,140,187,141,107,225,256,223,88,344,296,327,102,419,315,395,160,452,270,428,109,580,359,572,90,712,397,696,829,154,828,142,842,142,851,150,881,153,842,213,928,227,793,305,887,314,813,338,740,354,916,405,846,411,920,512,777,538,1011,573,761,668,CONFIRM,CONFIRM,CONFIRM,CONFIRM,UNCLEAR,CONFIRM,CONFIRM,CONFIRM,CONFIRM,CONFIRM,CONFIRM,CONFIRM,CONFIRM,OUT_OF_RANGE,OUT_OF_RANGE,OUT_OF_RANGE,OUT_OF_RANGE,OUT_OF_RANGE,OUT_OF_RANGE,OUT_OF_RANGE,OUT_OF_RANGE,OUT_OF_RANGE,OUT_OF_RANGE,OUT_OF_RANGE,OUT_OF_RANGE,OUT_OF_RANGE,OUT_OF_RANGE,CONFIRM,OUT_OF_RANGE,OUT_OF_RANGE,OUT_OF_RANGE,CONFIRM,OUT_OF_RANGE,OUT_OF_RANGE
1500,3,0,14,8,4,154,147,140,138,161,142,105,152,167,150,78,207,190,207,56,277,225,276,79,313,242,295,78,377,167,372,35,452,215,479,26,558,233,594,709,184,718,169,718,169,749,179,749,179,859,269,694,268,862,410,667,429,800,449,642,452,791,508,685,495,841,634,576,613,883,765,540,750,CONFIRM,CONFIRM,CONFIRM,CONFIRM,UNCLEAR,CONFIRM,CONFIRM,CONFIRM,CONFIRM,CONFIRM,CONFIRM,CONFIRM,CONFIRM,CONFIRM,CONFIRM,OUT_OF_RANGE,OUT_OF_RANGE,CONFIRM,CONFIRM,CONFIRM,CONFIRM,CONFIRM,OUT_OF_RANGE,CONFIRM,OUT_OF_RANGE,CONFIRM,OUT_OF_RANGE,CONFIRM,CONFIRM,CONFIRM,OUT_OF_RANGE,OUT_OF_RANGE,OUT_OF_RANGE,OUT_OF_RANGE
1500,3,0,21,59,4,703,142,712,130,712,130,745,136,745,136,818,205,697,203,834,319,680,313,787,350,640,384,792,411,682,397,833,508,586,502,892,584,565,593,223,180,210,172,227,172,176,182,229,181,156,236,263,234,149,308,292,279,189,306,321,279,176,390,260,380,105,480,328,453,99,558,379,538,CONFIRM,CONFIRM,CONFIRM,CONFIRM,CONFIRM,OUT_OF_RANGE,CONFIRM,OUT_OF_RANGE,CONFIRM,CONFIRM,CONFIRM,OUT_OF_RANGE,CONFIRM,OUT_OF_RANGE,CONFIRM,OUT_OF_RANGE,OUT_OF_RANGE,CONFIRM,CONFIRM,CONFIRM,CONFIRM,UNCLEAR,CONFIRM,CONFIRM,CONFIRM,CONFIRM,CONFIRM,CONFIRM,CONFIRM,CONFIRM,CONFIRM,CONFIRM,OUT_OF_RANGE,CONFIRM
1500,3,0,26,46,4,743,150,753,139,753,139,787,146,787,146,865,210,745,214,880,309,724,320,849,368,680,399,830,435,742,430,875,535,654,533,932,619,615,651,167,186,155,177,175,178,111,192,176,192,79,265,209,254,55,342,246,328,97,382,281,370,96,452,204,444,36,553,275,539,32,665,317,668,CONFIRM,CONFIRM,CONFIRM,CONFIRM,CONFIRM,OUT_OF_RANGE,CONFIRM,OUT_OF_RANGE,CONFIRM,OUT_OF_RANGE,CONFIRM,OUT_OF_RANGE,CONFIRM,OUT_OF_RANGE,CONFIRM,OUT_OF_RANGE,OUT_OF_RANGE,CONFIRM,CONFIRM,CONFIRM,CONFIRM,UNCLEAR,CONFIRM,CONFIRM,CONFIRM,CONFIRM,CONFIRM,CONFIRM,CONFIRM,CONFIRM,OUT_OF_RANGE,CONFIRM,OUT_OF_RANGE,OUT_OF_RANGE
1500,3,0,37,12,4,805,241,804,233,815,233,800,241,853,242,867,296,833,305,821,347,833,372,781,323,761,353,885,464,847,468,899,570,757,562,924,653,728,658,266,157,257,141,257,141,207,148,209,148,122,228,275,235,104,361,306,353,156,422,332,436,136,483,274,477,96,607,342,599,82,736,396,734,OUT_OF_RANGE,OUT_OF_RANGE,OUT_OF_RANGE,OUT_OF_RANGE,OUT_OF_RANGE,OUT_OF_RANGE,OUT_OF_RANGE,OUT_OF_RANGE,OUT_OF_RANGE,CONFIRM,CONFIRM,OUT_OF_RANGE,OUT_OF_RANGE,OUT_OF_RANGE,OUT_OF_RANGE,OUT_OF_RANGE,OUT_OF_RANGE,CONFIRM,CONFIRM,CONFIRM,CONFIRM,CONFIRM,CONFIRM,CONFIRM,CONFIRM,CONFIRM,CONFIRM,CONFIRM,CONFIRM,CONFIRM,OUT_OF_RANGE,OUT_OF_RANGE,OUT_OF_RANGE,OUT_OF_RANGE
1500,3,0,52,28,4,215,197,194,181,213,182,147,193,182,189,99,275,245,264,82,372,281,343,158,374,338,355,139,491,251,470,111,612,312,599,120,751,350,709,781,226,786,216,792,219,806,223,832,228,896,290,797,295,901,357,786,396,887,411,740,474,877,505,801,507,893,609,726,588,899,716,708,698,CONFIRM,CONFIRM,CONFIRM,CONFIRM,UNCLEAR,CONFIRM,CONFIRM,CONFIRM,CONFIRM,CONFIRM,CONFIRM,CONFIRM,CONFIRM,OUT_OF_RANGE,OUT_OF_RANGE,OUT_OF_RANGE,OUT_OF_RANGE,CONFIRM,CONFIRM,OUT_OF_RANGE,OUT_OF_RANGE,OUT_OF_RANGE,OUT_OF_RANGE,OUT_OF_RANGE,OUT_OF_RANGE,CONFIRM,OUT_OF_RANGE,CONFIRM,OUT_OF_RANGE,OUT_OF_RANGE,OUT_OF_RANGE,OUT_OF_RANGE,OUT_OF_RANGE,OUT_OF_RANGE
1500,4,0,10,50,4,713,197,715,189,719,189,743,197,751,199,799,260,716,249,772,307,651,291,706,314,580,282,798,397,721,399,811,474,636,503,860,536,627,582,237,191,224,185,224,185,191,191,191,191,121,263,260,263,87,349,317,300,129,370,385,317,122,449,242,437,83,549,298,520,11,596,321,601,CONFIRM,CONFIRM,CONFIRM,UNCLEAR,CONFIRM,OUT_OF_RANGE,CONFIRM,UNCLEAR,CONFIRM,CONFIRM,CONFIRM,OUT_OF_RANGE,CONFIRM,OUT_OF_RANGE,CONFIRM,OUT_OF_RANGE,OUT_OF_RANGE,CONFIRM,CONFIRM,CONFIRM,CONFIRM,CONFIRM,CONFIRM,CONFIRM,CONFIRM,CONFIRM,CONFIRM,CONFIRM,CONFIRM,CONFIRM,OUT_OF_RANGE,CONFIRM,OUT_OF_RANGE,OUT_OF_RANGE
1500,4,0,24,36,4,273,197,259,192,272,192,223,195,241,196,173,270,288,262,158,354,356,324,202,351,398,340,192,440,292,424,155,543,352,515,98,600,382,601,809,184,817,173,817,173,854,183,854,183,900,236,825,240,874,309,760,293,838,330,689,283,916,400,830,409,949,539,742,520,976,634,734,625,CONFIRM,CONFIRM,CONFIRM,CONFIRM,UNCLEAR,CONFIRM,CONFIRM,CONFIRM,CONFIRM,CONFIRM,CONFIRM,CONFIRM,CONFIRM,OUT_OF_RANGE,CONFIRM,OUT_OF_RANGE,OUT_OF_RANGE,OUT_OF_RANGE,OUT_OF_RANGE,OUT_OF_RANGE,OUT_OF_RANGE,OUT_OF_RANGE,OUT_OF_RANGE,OUT_OF_RANGE,OUT_OF_RANGE,CONFIRM,OUT_OF_RANGE,CONFIRM,OUT_OF_RANGE,OUT_OF_RANGE,OUT_OF_RANGE,CONFIRM,OUT_OF_RANGE,OUT_OF_RANGE
1500,5,0,8,25,4,226,166,213,158,231,158,181,168,234,168,158,226,260,224,146,297,284,286,187,314,308,307,174,382,249,381,132,481,284,472,129,546,298,553,673,183,684,174,680,174,721,182,710,183,798,272,660,247,762,339,572,312,681,345,510,311,789,475,691,474,847,565,577,561,874,660,551,664,CONFIRM,CONFIRM,CONFIRM,CONFIRM,UNCLEAR,CONFIRM,CONFIRM,CONFIRM,CONFIRM,CONFIRM,CONFIRM,CONFIRM,CONFIRM,CONFIRM,CONFIRM,OUT_OF_RANGE,OUT_OF_RANGE,CONFIRM,UNCLEAR,CONFIRM,UNCLEAR,CONFIRM,OUT_OF_RANGE,CONFIRM,UNCLEAR,CONFIRM,CONFIRM,CONFIRM,CONFIRM,CONFIRM,OUT_OF_RANGE,OUT_OF_RANGE,OUT_OF_RANGE,OUT_OF_RANGE
1500,5,0,14,31,4,734,214,743,208,745,208,769,220,771,222,807,270,756,270,799,331,718,346,747,364,680,387,823,411,760,415,822,489,687,470,859,552,703,560,315,177,308,167,309,168,278,175,278,175,228,229,319,226,224,303,323,289,262,356,319,347,230,383,303,376,195,489,372,436,178,550,349,528,CONFIRM,CONFIRM,CONFIRM,UNCLEAR,CONFIRM,OUT_OF_RANGE,CONFIRM,OUT_OF_RANGE,CONFIRM,CONFIRM,CONFIRM,OUT_OF_RANGE,CONFIRM,OUT_OF_RANGE,CONFIRM,OUT_OF_RANGE,OUT_OF_RANGE,CONFIRM,CONFIRM,CONFIRM,CONFIRM,CONFIRM,CONFIRM,CONFIRM,CONFIRM,CONFIRM,CONFIRM,CONFIRM,CONFIRM,CONFIRM,CONFIRM,CONFIRM,OUT_OF_RANGE,CONFIRM
1500,5,1,3,17,4,146,195,132,185,153,188,93,191,150,194,56,253,186,253,37,335,234,291,94,342,270,282,87,415,170,420,24,515,214,514,-17,559,267,590,765,189,775,178,775,178,821,191,821,191,886,275,769,259,850,345,654,307,782,364,576,267,857,491,725,481,878,601,657,584,911,723,637,723,CONFIRM,CONFIRM,CONFIRM,CONFIRM,UNCLEAR,CONFIRM,CONFIRM,CONFIRM,CONFIRM,CONFIRM,CONFIRM,CONFIRM,CONFIRM,CONFIRM,CONFIRM,OUT_OF_RANGE,OUT_OF_RANGE,CONFIRM,CONFIRM,CONFIRM,OUT_OF_RANGE,OUT_OF_RANGE,OUT_OF_RANGE,CONFIRM,OUT_OF_RANGE,CONFIRM,UNCLEAR,CONFIRM,OUT_OF_RANGE,CONFIRM,OUT_OF_RANGE,OUT_OF_RANGE,OUT_OF_RANGE,OUT_OF_RANGE
1500,5,1,52,28,4,759,128,770,118,770,118,814,131,814,131,771,195,871,198,825,274,660,223,741,264,592,211,875,406,780,402,889,486,662,475,960,568,656,582,264,139,252,133,263,132,212,132,235,133,153,209,289,202,137,286,351,253,189,285,398,251,179,374,282,358,147,474,343,473,102,567,372,567,CONFIRM,CONFIRM,CONFIRM,OUT_OF_RANGE,OUT_OF_RANGE,CONFIRM,OUT_OF_RANGE,OUT_OF_RANGE,CONFIRM,CONFIRM,CONFIRM,OUT_OF_RANGE,CONFIRM,OUT_OF_RANGE,CONFIRM,OUT_OF_RANGE,OUT_OF_RANGE,CONFIRM,CONFIRM,CONFIRM,CONFIRM,UNCLEAR,CONFIRM,CONFIRM,CONFIRM,CONFIRM,CONFIRM,CONFIRM,CONFIRM,CONFIRM,CONFIRM,CONFIRM,OUT_OF_RANGE,OUT_OF_RANGE
1500,5,1,56,30,4,589,198,599,192,574,188,605,205,544,191,563,281,554,267,574,353,572,329,658,356,623,339,501,425,513,418,490,546,587,503,482,650,579,590,711,161,704,153,721,154,694,164,740,168,688,212,765,220,685,257,770,280,681,284,724,301,709,340,767,341,697,404,774,441,711,476,807,511,UNCLEAR,UNCLEAR,UNCLEAR,CONFIRM,UNCLEAR,CONFIRM,UNCLEAR,CONFIRM,UNCLEAR,CONFIRM,CONFIRM,CONFIRM,UNCLEAR,OUT_OF_RANGE,CONFIRM,OUT_OF_RANGE,OUT_OF_RANGE,CONFIRM,CONFIRM,CONFIRM,CONFIRM,CONFIRM,CONFIRM,CONFIRM,CONFIRM,CONFIRM,CONFIRM,CONFIRM,CONFIRM,CONFIRM,CONFIRM,CONFIRM,CONFIRM,OUT_OF_RANGE
1500,5,2,11,20,4,759,141,762,127,769,127,811,146,820,146,866,227,800,243,841,328,688,310,752,351,585,309,868,463,770,452,886,558,630,515,1015,628,620,653,211,165,194,155,207,153,141,160,154,161,74,240,242,238,69,355,313,291,130,355,378,307,107,436,232,412,62,545,313,530,-6,582,330,627,CONFIRM,CONFIRM,CONFIRM,OUT_OF_RANGE,OUT_OF_RANGE,OUT_OF_RANGE,OUT_OF_RANGE,OUT_OF_RANGE,CONFIRM,CONFIRM,CONFIRM,OUT_OF_RANGE,CONFIRM,OUT_OF_RANGE,CONFIRM,OUT_OF_RANGE,OUT_OF_RANGE,CONFIRM,CONFIRM,CONFIRM,CONFIRM,UNCLEAR,CONFIRM,CONFIRM,CONFIRM,CONFIRM,CONFIRM,CONFIRM,CONFIRM,CONFIRM,OUT_OF_RANGE,CONFIRM,OUT_OF_RANGE,OUT_OF_RANGE
1500,6,1,16,48,4,800,119,806,108,806,108,841,116,844,117,892,174,805,168,871,247,745,242,811,250,698,222,883,327,794,316,879,397,715,366,922,490,700,472,293,56,280,46,293,48,245,48,265,49,207,109,316,112,215,189,357,164,262,216,402,173,235,265,306,257,209,354,351,340,179,391,368,411,OUT_OF_RANGE,OUT_OF_RANGE,OUT_OF_RANGE,OUT_OF_RANGE,OUT_OF_RANGE,OUT_OF_RANGE,OUT_OF_RANGE,OUT_OF_RANGE,CONFIRM,OUT_OF_RANGE,CONFIRM,OUT_OF_RANGE,OUT_OF_RANGE,OUT_OF_RANGE,CONFIRM,OUT_OF_RANGE,CONFIRM,CONFIRM,CONFIRM,CONFIRM,CONFIRM,UNCLEAR,CONFIRM,CONFIRM,CONFIRM,CONFIRM,CONFIRM,CONFIRM,CONFIRM,CONFIRM,CONFIRM,CONFIRM,CONFIRM,CONFIRM
1500,6,1,17,39,1ULS,317,75,306,65,317,69,276,73,322,80,270,114,325,137,319,123,349,174,379,122,366,207,262,273,325,273,235,369,368,362,188,410,385,430,434,90,446,83,442,84,466,83,457,82,457,145,491,142,399,178,540,221,332,194,477,261,516,314,468,312,501,424,394,389,557,506,367,487,CONFIRM,CONFIRM,CONFIRM,CONFIRM,UNCLEAR,CONFIRM,UNCLEAR,CONFIRM,CONFIRM,CONFIRM,CONFIRM,CONFIRM,CONFIRM,CONFIRM,CONFIRM,CONFIRM,CONFIRM,UNCLEAR,UNCLEAR,UNCLEAR,UNCLEAR,CONFIRM,CONFIRM,CONFIRM,CONFIRM,CONFIRM,CONFIRM,CONFIRM,CONFIRM,CONFIRM,CONFIRM,CONFIRM,CONFIRM,CONFIRM
1500,6,2,31,36,1URS,585,193,574,190,578,188,548,203,554,201,511,243,603,222,485,300,650,211,506,341,701,205,520,369,567,333,514,449,647,340,506,529,646,402,728,185,736,179,736,179,760,180,763,183,784,222,750,225,768,267,717,285,719,253,696,308,785,360,765,356,791,448,705,404,816,514,696,504,CONFIRM,CONFIRM,UNCLEAR,CONFIRM,UNCLEAR,CONFIRM,CONFIRM,CONFIRM,CONFIRM,CONFIRM,CONFIRM,CONFIRM,CONFIRM,CONFIRM,CONFIRM,CONFIRM,CONFIRM,CONFIRM,CONFIRM,CONFIRM,UNCLEAR,CONFIRM,CONFIRM,CONFIRM,UNCLEAR,CONFIRM,CONFIRM,CONFIRM,CONFIRM,CONFIRM,CONFIRM,CONFIRM,OUT_OF_RANGE,CONFIRM
1500,6,2,53,44,4,189,142,177,129,177,129,132,146,132,146,96,231,163,223,113,360,191,317,205,373,216,390,123,459,179,450,129,622,231,609,124,765,250,748,772,128,770,120,788,123,783,131,813,138,802,190,797,196,788,270,783,258,753,293,735,269,812,346,793,350,836,437,728,440,890,503,698,556,CONFIRM,CONFIRM,CONFIRM,CONFIRM,CONFIRM,CONFIRM,UNCLEAR,CONFIRM,UNCLEAR,CONFIRM,CONFIRM,CONFIRM,UNCLEAR,OUT_OF_RANGE,OUT_OF_RANGE,OUT_OF_RANGE,OUT_OF_RANGE,CONFIRM,CONFIRM,CONFIRM,UNCLEAR,OUT_OF_RANGE,OUT_OF_RANGE,OUT_OF_RANGE,UNCLEAR,CONFIRM,CONFIRM,CONFIRM,OUT_OF_RANGE,OUT_OF_RANGE,OUT_OF_RANGE,CONFIRM,OUT_OF_RANGE,OUT_OF_RANGE
1500,6,3,26,15,4,371,75,380,61,353,62,389,73,334,82,428,137,282,159,475,232,277,258,463,276,312,317,424,331,351,341,443,470,359,471,452,572,383,571,584,113,577,104,595,102,568,115,613,114,555,157,637,156,535,223,661,215,539,268,665,260,570,290,632,295,578,379,646,382,553,444,623,402,UNCLEAR,UNCLEAR,UNCLEAR,CONFIRM,UNCLEAR,CONFIRM,CONFIRM,CONFIRM,CONFIRM,CONFIRM,CONFIRM,CONFIRM,CONFIRM,CONFIRM,CONFIRM,OUT_OF_RANGE,OUT_OF_RANGE,CONFIRM,CONFIRM,CONFIRM,CONFIRM,CONFIRM,CONFIRM,CONFIRM,CONFIRM,CONFIRM,CONFIRM,CONFIRM,CONFIRM,CONFIRM,CONFIRM,CONFIRM,CONFIRM,CONFIRM
1500,8,0,7,15,4,740,171,754,153,755,155,803,165,803,165,880,273,719,241,884,351,598,314,800,363,528,290,834,500,693,467,828,646,568,574,806,789,507,710,180,82,162,69,185,74,109,70,187,86,53,147,215,155,57,259,265,220,125,284,302,228,67,362,195,356,6,493,250,473,-72,589,233,632,CONFIRM,CONFIRM,CONFIRM,OUT_OF_RANGE,OUT_OF_RANGE,OUT_OF_RANGE,CONFIRM,OUT_OF_RANGE,CONFIRM,OUT_OF_RANGE,CONFIRM,OUT_OF_RANGE,CONFIRM,OUT_OF_RANGE,OUT_OF_RANGE,OUT_OF_RANGE,OUT_OF_RANGE,CONFIRM,CONFIRM,CONFIRM,CONFIRM,UNCLEAR,CONFIRM,CONFIRM,CONFIRM,CONFIRM,CONFIRM,CONFIRM,CONFIRM,CONFIRM,CONFIRM,CONFIRM,OUT_OF_RANGE,OUT_OF_RANGE
1500,8,0,12,8,4,630,192,640,182,637,183,674,192,670,193,752,271,622,258,763,365,529,322,718,386,489,307,736,454,622,446,780,568,534,542,830,672,509,652,256,156,241,145,257,145,199,149,262,151,154,210,279,206,150,304,311,270,176,335,328,256,173,390,269,370,156,504,307,477,128,527,352,568,CONFIRM,UNCLEAR,CONFIRM,UNCLEAR,CONFIRM,CONFIRM,CONFIRM,CONFIRM,CONFIRM,UNCLEAR,CONFIRM,CONFIRM,CONFIRM,OUT_OF_RANGE,OUT_OF_RANGE,OUT_OF_RANGE,OUT_OF_RANGE,CONFIRM,CONFIRM,CONFIRM,CONFIRM,CONFIRM,CONFIRM,CONFIRM,CONFIRM,CONFIRM,CONFIRM,CONFIRM,CONFIRM,CONFIRM,CONFIRM,CONFIRM,CONFIRM,OUT_OF_RANGE
1500,9,0,15,18,4,325,145,316,127,317,127,272,137,272,137,172,232,360,234,137,354,427,284,195,423,530,293,179,492,340,469,105,609,443,609,49,742,489,755,729,227,731,218,738,218,769,230,779,232,827,288,737,290,814,348,664,331,765,382,593,300,839,453,739,457,841,526,646,528,908,576,604,635,CONFIRM,CONFIRM,CONFIRM,CONFIRM,CONFIRM,CONFIRM,CONFIRM,CONFIRM,CONFIRM,CONFIRM,CONFIRM,CONFIRM,CONFIRM,OUT_OF_RANGE,OUT_OF_RANGE,OUT_OF_RANGE,OUT_OF_RANGE,CONFIRM,CONFIRM,CONFIRM,UNCLEAR,CONFIRM,OUT_OF_RANGE,CONFIRM,OUT_OF_RANGE,CONFIRM,UNCLEAR,CONFIRM,OUT_OF_RANGE,CONFIRM,OUT_OF_RANGE,CONFIRM,OUT_OF_RANGE,OUT_OF_RANGE
1500,9,0,31,43,4,835,204,836,197,843,196,876,211,885,213,913,285,851,267,860,336,773,325,806,319,707,292,896,432,800,433,885,528,705,507,920,581,678,622,214,88,201,75,213,79,148,73,162,74,62,161,233,176,25,276,250,296,59,356,257,384,61,423,187,413,-16,549,280,521,-86,637,341,602,OUT_OF_RANGE,OUT_OF_RANGE,OUT_OF_RANGE,OUT_OF_RANGE,OUT_OF_RANGE,OUT_OF_RANGE,OUT_OF_RANGE,OUT_OF_RANGE,CONFIRM,OUT_OF_RANGE,CONFIRM,OUT_OF_RANGE,OUT_OF_RANGE,OUT_OF_RANGE,CONFIRM,OUT_OF_RANGE,OUT_OF_RANGE,CONFIRM,CONFIRM,CONFIRM,CONFIRM,UNCLEAR,CONFIRM,CONFIRM,CONFIRM,CONFIRM,CONFIRM,CONFIRM,CONFIRM,CONFIRM,OUT_OF_RANGE,CONFIRM,OUT_OF_RANGE,OUT_OF_RANGE
1500,9,0,40,27,4,273,120,264,106,270,106,225,112,231,112,147,186,283,190,117,275,341,266,161,316,386,336,152,407,273,398,109,529,350,505,62,578,367,595,803,185,802,178,814,178,837,189,846,191,856,251,829,245,811,289,754,292,764,283,689,271,853,385,793,387,865,487,706,467,923,569,676,563,CONFIRM,CONFIRM,CONFIRM,CONFIRM,UNCLEAR,CONFIRM,CONFIRM,CONFIRM,CONFIRM,CONFIRM,CONFIRM,CONFIRM,CONFIRM,CONFIRM,CONFIRM,OUT_OF_RANGE,OUT_OF_RANGE,OUT_OF_RANGE,OUT_OF_RANGE,OUT_OF_RANGE,OUT_OF_RANGE,OUT_OF_RANGE,OUT_OF_RANGE,OUT_OF_RANGE,OUT_OF_RANGE,CONFIRM,CONFIRM,CONFIRM,OUT_OF_RANGE,OUT_OF_RANGE,OUT_OF_RANGE,CONFIRM,OUT_OF_RANGE,OUT_OF_RANGE
1500,10,0,8,34,4,256,99,243,93,262,93,218,106,267,106,211,160,290,152,196,217,324,206,220,226,349,215,233,292,281,288,205,373,330,380,217,433,363,461,627,104,641,93,634,94,667,99,654,100,736,169,617,160,704,234,542,213,630,248,484,218,731,364,626,358,767,487,548,440,836,604,537,572,CONFIRM,CONFIRM,CONFIRM,CONFIRM,CONFIRM,CONFIRM,CONFIRM,CONFIRM,CONFIRM,CONFIRM,CONFIRM,CONFIRM,CONFIRM,CONFIRM,CONFIRM,CONFIRM,CONFIRM,CONFIRM,UNCLEAR,CONFIRM,UNCLEAR,CONFIRM,CONFIRM,CONFIRM,UNCLEAR,CONFIRM,CONFIRM,CONFIRM,CONFIRM,CONFIRM,CONFIRM,CONFIRM,OUT_OF_RANGE,OUT_OF_RANGE
1500,11,1,0,37,4,184,88,180,77,180,77,158,83,158,83,138,156,138,156,160,289,148,277,185,362,170,352,135,339,135,339,146,543,146,543,140,666,140,666,799,96,804,87,809,90,833,102,839,103,833,147,851,153,812,230,855,232,814,290,840,304,827,288,827,288,827,405,827,403,832,472,830,490,CONFIRM,UNCLEAR,UNCLEAR,CONFIRM,UNCLEAR,CONFIRM,CONFIRM,CONFIRM,UNCLEAR,CONFIRM,UNCLEAR,CONFIRM,CONFIRM,OUT_OF_RANGE,OUT_OF_RANGE,OUT_OF_RANGE,OUT_OF_RANGE,OUT_OF_RANGE,OUT_OF_RANGE,OUT_OF_RANGE,OUT_OF_RANGE,OUT_OF_RANGE,OUT_OF_RANGE,OUT_OF_RANGE,OUT_OF_RANGE,OUT_OF_RANGE,OUT_OF_RANGE,OUT_OF_RANGE,OUT_OF_RANGE,OUT_OF_RANGE,OUT_OF_RANGE,OUT_OF_RANGE,OUT_OF_RANGE,OUT_OF_RANGE
1500,12,0,8,13,4,738,120,740,112,744,112,773,116,777,116,830,180,755,184,804,267,732,288,769,333,702,355,822,371,753,371,828,458,664,480,880,562,648,596,291,170,279,158,279,158,237,171,237,171,188,246,302,231,207,345,370,265,290,360,403,259,210,425,305,401,163,529,377,479,66,578,389,559,CONFIRM,CONFIRM,CONFIRM,UNCLEAR,CONFIRM,OUT_OF_RANGE,CONFIRM,OUT_OF_RANGE,CONFIRM,UNCLEAR,CONFIRM,OUT_OF_RANGE,CONFIRM,OUT_OF_RANGE,CONFIRM,OUT_OF_RANGE,OUT_OF_RANGE,CONFIRM,CONFIRM,UNCLEAR,CONFIRM,UNCLEAR,CONFIRM,CONFIRM,CONFIRM,CONFIRM,CONFIRM,CONFIRM,CONFIRM,CONFIRM,CONFIRM,CONFIRM,OUT_OF_RANGE,OUT_OF_RANGE
1500,12,0,18,59,4,870,142,867,131,879,131,920,133,928,134,864,207,962,206,848,292,960,305,840,379,958,415,879,411,914,415,874,555,936,563,877,665,935,684,299,156,287,146,289,146,256,149,256,149,231,224,231,222,210,311,210,309,212,396,212,396,246,391,246,391,280,530,247,489,256,643,184,584,OUT_OF_RANGE,OUT_OF_RANGE,OUT_OF_RANGE,OUT_OF_RANGE,OUT_OF_RANGE,OUT_OF_RANGE,OUT_OF_RANGE,OUT_OF_RANGE,OUT_OF_RANGE,OUT_OF_RANGE,OUT_OF_RANGE,OUT_OF_RANGE,OUT_OF_RANGE,OUT_OF_RANGE,OUT_OF_RANGE,OUT_OF_RANGE,OUT_OF_RANGE,CONFIRM,CONFIRM,CONFIRM,CONFIRM,CONFIRM,CONFIRM,CONFIRM,CONFIRM,CONFIRM,CONFIRM,UNCLEAR,CONFIRM,CONFIRM,CONFIRM,CONFIRM,OUT_OF_RANGE,OUT_OF_RANGE
1500,14,0,24,45,4,157,139,142,123,163,127,105,136,153,134,71,194,192,194,60,258,221,260,133,249,262,265,97,363,188,356,61,478,262,448,47,569,296,555,725,170,735,164,736,165,764,167,764,167,826,224,746,223,834,272,689,302,793,308,634,292,824,375,747,370,846,476,664,475,876,584,618,572,CONFIRM,CONFIRM,CONFIRM,CONFIRM,UNCLEAR,CONFIRM,CONFIRM,CONFIRM,CONFIRM,CONFIRM,CONFIRM,CONFIRM,CONFIRM,CONFIRM,CONFIRM,OUT_OF_RANGE,OUT_OF_RANGE,CONFIRM,CONFIRM,CONFIRM,CONFIRM,CONFIRM,OUT_OF_RANGE,CONFIRM,OUT_OF_RANGE,CONFIRM,OUT_OF_RANGE,CONFIRM,OUT_OF_RANGE,CONFIRM,OUT_OF_RANGE,CONFIRM,OUT_OF_RANGE,OUT_OF_RANGE
1500,14,0,47,39,4,654,111,664,105,660,105,689,114,687,112,743,178,637,172,754,232,561,225,723,268,516,203,712,336,637,322,739,411,560,421,795,515,549,510,240,84,225,77,242,77,193,88,234,85,165,148,280,142,159,212,319,189,201,212,342,186,201,290,280,281,136,375,351,353,140,429,388,428,CONFIRM,UNCLEAR,CONFIRM,UNCLEAR,CONFIRM,CONFIRM,CONFIRM,CONFIRM,CONFIRM,CONFIRM,CONFIRM,CONFIRM,CONFIRM,CONFIRM,CONFIRM,OUT_OF_RANGE,CONFIRM,CONFIRM,CONFIRM,CONFIRM,CONFIRM,UNCLEAR,CONFIRM,CONFIRM,CONFIRM,CONFIRM,CONFIRM,CONFIRM,CONFIRM,CONFIRM,CONFIRM,CONFIRM,CONFIRM,CONFIRM
1500,14,0,54,42,4,210,151,217,137,217,137,247,144,247,144,282,204,233,207,298,289,220,293,254,333,208,332,262,358,268,354,198,458,324,432,163,583,373,491,770,174,763,168,779,169,751,175,795,177,750,213,803,218,732,266,814,281,728,303,814,323,755,325,786,328,751,392,784,393,767,448,796,463,CONFIRM,CONFIRM,CONFIRM,CONFIRM,CONFIRM,CONFIRM,CONFIRM,CONFIRM,CONFIRM,CONFIRM,CONFIRM,CONFIRM,CONFIRM,CONFIRM,CONFIRM,OUT_OF_RANGE,CONFIRM,CONFIRM,CONFIRM,CONFIRM,CONFIRM,OUT_OF_RANGE,CONFIRM,OUT_OF_RANGE,CONFIRM,OUT_OF_RANGE,CONFIRM,OUT_OF_RANGE,CONFIRM,CONFIRM,CONFIRM,CONFIRM,CONFIRM,OUT_OF_RANGE
1500,15,0,3,36,4,836,92,840,80,845,81,884,90,889,90,846,165,909,164,815,246,870,268,769,302,806,310,847,357,900,355,845,486,919,486,847,577,922,579,158,101,151,86,156,87,107,84,111,84,70,143,140,145,65,242,147,230,127,278,193,251,99,340,152,325,95,469,154,445,86,555,155,522,OUT_OF_RANGE,OUT_OF_RANGE,OUT_OF_RANGE,OUT_OF_RANGE,OUT_OF_RANGE,OUT_OF_RANGE,OUT_OF_RANGE,OUT_OF_RANGE,OUT_OF_RANGE,CONFIRM,OUT_OF_RANGE,OUT_OF_RANGE,OUT_OF_RANGE,OUT_OF_RANGE,OUT_OF_RANGE,OUT_OF_RANGE,OUT_OF_RANGE,CONFIRM,CONFIRM,CONFIRM,CONFIRM,UNCLEAR,CONFIRM,CONFIRM,CONFIRM,CONFIRM,CONFIRM,CONFIRM,CONFIRM,CONFIRM,CONFIRM,CONFIRM,OUT_OF_RANGE,CONFIRM
1500,15,0,13,39,4,753,127,763,116,763,116,808,129,808,129,897,222,744,208,900,326,641,333,823,363,598,356,859,463,753,458,895,589,632,498,936,715,661,653,198,124,181,115,202,117,147,121,189,126,121,184,220,182,112,275,250,269,125,330,252,332,148,362,227,360,112,455,258,441,121,524,331,542,CONFIRM,CONFIRM,CONFIRM,OUT_OF_RANGE,OUT_OF_RANGE,OUT_OF_RANGE,CONFIRM,OUT_OF_RANGE,CONFIRM,OUT_OF_RANGE,CONFIRM,OUT_OF_RANGE,CONFIRM,OUT_OF_RANGE,CONFIRM,OUT_OF_RANGE,OUT_OF_RANGE,CONFIRM,CONFIRM,CONFIRM,CONFIRM,UNCLEAR,CONFIRM,CONFIRM,CONFIRM,CONFIRM,CONFIRM,CONFIRM,CONFIRM,CONFIRM,CONFIRM,CONFIRM,CONFIRM,OUT_OF_RANGE
1500,16,0,21,38,4,796,178,801,171,801,172,829,182,829,182,853,226,797,219,821,269,735,249,788,271,687,231,837,330,776,326,819,398,713,390,846,477,668,467,390,134,385,129,385,129,358,137,359,138,328,181,385,172,375,226,402,236,411,201,425,279,346,304,395,297,280,373,446,352,205,431,421,417,OUT_OF_RANGE,OUT_OF_RANGE,OUT_OF_RANGE,OUT_OF_RANGE,OUT_OF_RANGE,OUT_OF_RANGE,OUT_OF_RANGE,OUT_OF_RANGE,CONFIRM,CONFIRM,CONFIRM,OUT_OF_RANGE,CONFIRM,OUT_OF_RANGE,CONFIRM,OUT_OF_RANGE,CONFIRM,CONFIRM,CONFIRM,CONFIRM,CONFIRM,CONFIRM,CONFIRM,CONFIRM,CONFIRM,CONFIRM,CONFIRM,CONFIRM,CONFIRM,CONFIRM,CONFIRM,CONFIRM,CONFIRM,CONFIRM
1500,16,0,34,51,4,223,100,209,87,221,88,180,95,186,95,140,143,235,146,139,214,252,208,186,213,289,227,158,293,231,285,122,385,280,369,117,463,287,450,737,173,743,163,744,165,767,171,770,172,796,212,751,213,773,250,697,258,717,244,656,234,796,319,743,324,808,388,670,391,862,464,643,473,CONFIRM,CONFIRM,CONFIRM,CONFIRM,UNCLEAR,CONFIRM,CONFIRM,CONFIRM,CONFIRM,CONFIRM,CONFIRM,CONFIRM,CONFIRM,CONFIRM,CONFIRM,CONFIRM,CONFIRM,CONFIRM,CONFIRM,CONFIRM,UNCLEAR,CONFIRM,OUT_OF_RANGE,CONFIRM,UNCLEAR,CONFIRM,CONFIRM,CONFIRM,OUT_OF_RANGE,CONFIRM,OUT_OF_RANGE,CONFIRM,OUT_OF_RANGE,CONFIRM
1500,16,0,42,28,4,722,162,725,157,727,157,742,162,745,162,758,199,730,187,739,219,701,220,696,211,669,211,739,270,708,265,735,328,666,325,761,383,656,388,426,144,418,140,418,140,399,146,399,146,369,184,428,175,370,228,447,213,412,224,472,219,386,274,432,268,381,344,475,322,361,387,474,376,CONFIRM,UNCLEAR,CONFIRM,UNCLEAR,CONFIRM,CONFIRM,CONFIRM,UNCLEAR,CONFIRM,CONFIRM,CONFIRM,CONFIRM,CONFIRM,CONFIRM,CONFIRM,CONFIRM,CONFIRM,CONFIRM,CONFIRM,UNCLEAR,CONFIRM,UNCLEAR,CONFIRM,CONFIRM,CONFIRM,CONFIRM,CONFIRM,CONFIRM,CONFIRM,CONFIRM,CONFIRM,CONFIRM,CONFIRM,CONFIRM
1500,16,1,38,52,4,401,198,427,186,379,187,470,210,348,207,474,339,355,310,581,486,370,394,550,382,451,307,494,644,338,596,511,796,337,721,530,934,364,847,527,138,520,129,537,131,510,141,559,140,529,177,566,186,521,247,577,247,514,275,560,258,553,307,559,310,539,359,561,361,536,403,558,421,UNCLEAR,UNCLEAR,UNCLEAR,CONFIRM,UNCLEAR,CONFIRM,CONFIRM,CONFIRM,UNCLEAR,CONFIRM,CONFIRM,OUT_OF_RANGE,OUT_OF_RANGE,OUT_OF_RANGE,OUT_OF_RANGE,OUT_OF_RANGE,OUT_OF_RANGE,CONFIRM,CONFIRM,CONFIRM,CONFIRM,CONFIRM,CONFIRM,CONFIRM,UNCLEAR,CONFIRM,CONFIRM,CONFIRM,CONFIRM,CONFIRM,UNCLEAR,UNCLEAR,UNCLEAR,UNCLEAR
1500,16,2,55,29,4,252,187,244,177,258,175,217,184,261,182,204,232,300,210,223,292,362,243,264,281,415,256,255,345,322,332,223,432,377,410,227,485,444,468,771,107,783,100,780,100,810,105,805,106,882,167,774,171,838,223,743,262,791,201,687,272,871,337,776,334,923,431,695,416,980,515,697,534,CONFIRM,CONFIRM,CONFIRM,CONFIRM,UNCLEAR,CONFIRM,CONFIRM,CONFIRM,CONFIRM,CONFIRM,CONFIRM,CONFIRM,CONFIRM,CONFIRM,CONFIRM,CONFIRM,CONFIRM,CONFIRM,UNCLEAR,CONFIRM,OUT_OF_RANGE,OUT_OF_RANGE,OUT_OF_RANGE,CONFIRM,OUT_OF_RANGE,CONFIRM,CONFIRM,CONFIRM,OUT_OF_RANGE,CONFIRM,OUT_OF_RANGE,CONFIRM,OUT_OF_RANGE,CONFIRM
1500,17,0,9,9,4,197,73,186,50,186,50,144,56,144,56,35,147,188,148,27,285,231,283,104,346,252,350,90,414,223,394,16,553,306,495,-19,593,336,618,693,173,692,165,707,165,705,174,734,177,758,232,712,239,754,300,711,305,689,297,650,323,738,367,712,381,731,433,657,471,757,483,676,569,CONFIRM,CONFIRM,CONFIRM,CONFIRM,CONFIRM,CONFIRM,CONFIRM,CONFIRM,CONFIRM,CONFIRM,CONFIRM,CONFIRM,CONFIRM,OUT_OF_RANGE,CONFIRM,OUT_OF_RANGE,OUT_OF_RANGE,CONFIRM,CONFIRM,CONFIRM,UNCLEAR,CONFIRM,CONFIRM,CONFIRM,UNCLEAR,CONFIRM,CONFIRM,CONFIRM,CONFIRM,CONFIRM,CONFIRM,CONFIRM,CONFIRM,OUT_OF_RANGE
1500,17,0,24,18,4,683,149,680,143,696,142,701,150,724,156,726,200,708,211,714,262,707,281,657,267,654,286,734,334,708,341,722,385,630,413,764,428,664,507,227,85,210,67,210,67,177,74,177,74,77,184,233,168,90,332,268,303,196,377,294,373,135,463,261,420,93,618,365,488,21,705,372,614,CONFIRM,CONFIRM,CONFIRM,UNCLEAR,CONFIRM,CONFIRM,CONFIRM,UNCLEAR,CONFIRM,CONFIRM,CONFIRM,CONFIRM,CONFIRM,CONFIRM,CONFIRM,CONFIRM,CONFIRM,CONFIRM,CONFIRM,CONFIRM,CONFIRM,CONFIRM,CONFIRM,CONFIRM,CONFIRM,CONFIRM,CONFIRM,CONFIRM,CONFIRM,CONFIRM,OUT_OF_RANGE,CONFIRM,OUT_OF_RANGE,OUT_OF_RANGE
1500,17,0,49,54,4,472,134,479,129,456,130,480,135,444,130,438,186,459,181,431,268,474,247,487,303,491,286,441,344,490,331,433,437,523,394,379,541,521,451,648,140,644,135,654,133,643,140,673,137,674,165,665,174,659,215,674,218,640,205,656,248,689,258,673,264,683,326,655,328,684,371,662,392,UNCLEAR,UNCLEAR,UNCLEAR,UNCLEAR,UNCLEAR,CONFIRM,CONFIRM,CONFIRM,UNCLEAR,CONFIRM,UNCLEAR,CONFIRM,CONFIRM,CONFIRM,CONFIRM,OUT_OF_RANGE,CONFIRM,CONFIRM,CONFIRM,CONFIRM,CONFIRM,CONFIRM,CONFIRM,CONFIRM,UNCLEAR,CONFIRM,CONFIRM,CONFIRM,CONFIRM,CONFIRM,CONFIRM,CONFIRM,CONFIRM,CONFIRM
1500,18,0,14,34,4,372,153,358,141,358,141,305,150,305,150,226,243,425,222,182,324,527,216,242,378,623,212,222,508,373,497,134,634,465,604,83,787,506,749,841,135,840,122,857,126,880,140,888,140,916,204,910,207,883,288,807,287,805,264,735,240,934,392,861,396,940,519,765,547,1008,598,738,709,CONFIRM,CONFIRM,CONFIRM,CONFIRM,CONFIRM,CONFIRM,CONFIRM,CONFIRM,CONFIRM,CONFIRM,CONFIRM,CONFIRM,CONFIRM,OUT_OF_RANGE,OUT_OF_RANGE,OUT_OF_RANGE,OUT_OF_RANGE,OUT_OF_RANGE,OUT_OF_RANGE,OUT_OF_RANGE,OUT_OF_RANGE,OUT_OF_RANGE,OUT_OF_RANGE,OUT_OF_RANGE,OUT_OF_RANGE,OUT_OF_RANGE,OUT_OF_RANGE,CONFIRM,OUT_OF_RANGE,OUT_OF_RANGE,OUT_OF_RANGE,OUT_OF_RANGE,OUT_OF_RANGE,OUT_OF_RANGE
1500,18,0,30,22,4,769,105,773,97,778,97,813,109,816,109,847,161,809,170,821,244,756,245,751,233,701,202,857,343,764,352,850,444,707,468,914,551,703,576,166,75,151,62,168,65,103,70,133,72,45,151,198,151,31,238,233,250,70,285,244,324,83,366,187,352,45,496,258,454,35,593,309,585,CONFIRM,CONFIRM,CONFIRM,OUT_OF_RANGE,OUT_OF_RANGE,OUT_OF_RANGE,OUT_OF_RANGE,OUT_OF_RANGE,CONFIRM,CONFIRM,CONFIRM,OUT_OF_RANGE,CONFIRM,OUT_OF_RANGE,CONFIRM,OUT_OF_RANGE,OUT_OF_RANGE,CONFIRM,CONFIRM,CONFIRM,CONFIRM,UNCLEAR,CONFIRM,CONFIRM,CONFIRM,CONFIRM,CONFIRM,CONFIRM,CONFIRM,CONFIRM,CONFIRM,CONFIRM,OUT_OF_RANGE,OUT_OF_RANGE
1500,18,1,14,23,4,249,154,234,139,248,140,188,136,208,137,112,199,252,214,75,323,271,322,113,397,273,390,140,454,246,432,127,610,310,584,118,751,301,721,866,162,866,152,875,151,907,157,912,156,907,204,941,206,879,299,981,315,891,360,998,409,899,419,919,427,862,556,918,570,868,683,916,710,CONFIRM,CONFIRM,CONFIRM,CONFIRM,UNCLEAR,CONFIRM,CONFIRM,CONFIRM,CONFIRM,CONFIRM,CONFIRM,CONFIRM,CONFIRM,OUT_OF_RANGE,OUT_OF_RANGE,OUT_OF_RANGE,OUT_OF_RANGE,OUT_OF_RANGE,OUT_OF_RANGE,OUT_OF_RANGE,OUT_OF_RANGE,OUT_OF_RANGE,OUT_OF_RANGE,OUT_OF_RANGE,OUT_OF_RANGE,OUT_OF_RANGE,OUT_OF_RANGE,OUT_OF_RANGE,OUT_OF_RANGE,OUT_OF_RANGE,OUT_OF_RANGE,OUT_OF_RANGE,OUT_OF_RANGE,OUT_OF_RANGE
1500,19,0,10,52,4,746,121,749,112,753,113,776,124,780,124,813,180,736,173,787,229,682,214,739,235,632,187,796,298,729,300,818,385,645,374,861,458,630,466,251,105,241,94,241,94,204,106,204,106,165,177,268,155,172,254,338,188,234,273,395,201,203,328,287,305,158,430,372,370,134,463,398,453,CONFIRM,CONFIRM,CONFIRM,UNCLEAR,CONFIRM,OUT_OF_RANGE,CONFIRM,UNCLEAR,CONFIRM,UNCLEAR,CONFIRM,OUT_OF_RANGE,CONFIRM,OUT_OF_RANGE,CONFIRM,OUT_OF_RANGE,CONFIRM,CONFIRM,CONFIRM,CONFIRM,CONFIRM,CONFIRM,CONFIRM,CONFIRM,CONFIRM,CONFIRM,CONFIRM,CONFIRM,CONFIRM,CONFIRM,CONFIRM,CONFIRM,CONFIRM,CONFIRM
1500,19,0,27,25,4,282,120,269,100,269,100,228,114,228,114,167,225,228,203,169,346,331,239,284,368,407,226,211,469,219,446,238,615,307,486,271,732,236,575,687,188,686,179,696,179,723,189,730,191,738,244,722,247,718,304,687,316,669,298,649,284,756,378,732,381,765,439,611,453,813,499,604,550,CONFIRM,CONFIRM,CONFIRM,CONFIRM,CONFIRM,CONFIRM,UNCLEAR,CONFIRM,CONFIRM,CONFIRM,CONFIRM,CONFIRM,CONFIRM,OUT_OF_RANGE,CONFIRM,OUT_OF_RANGE,OUT_OF_RANGE,CONFIRM,CONFIRM,CONFIRM,UNCLEAR,CONFIRM,CONFIRM,CONFIRM,UNCLEAR,CONFIRM,CONFIRM,CONFIRM,CONFIRM,CONFIRM,CONFIRM,CONFIRM,OUT_OF_RANGE,OUT_OF_RANGE
1500,20,0,21,18,4,749,99,751,93,759,91,800,92,809,92,724,177,884,174,662,240,848,276,617,231,755,271,737,371,863,380,677,482,938,506,631,584,979,607,152,97,135,82,150,81,86,92,100,89,20,180,181,177,16,298,217,277,58,336,215,354,52,417,174,406,-9,534,257,500,-91,602,278,613,CONFIRM,CONFIRM,CONFIRM,OUT_OF_RANGE,OUT_OF_RANGE,CONFIRM,OUT_OF_RANGE,CONFIRM,OUT_OF_RANGE,CONFIRM,CONFIRM,CONFIRM,OUT_OF_RANGE,CONFIRM,OUT_OF_RANGE,OUT_OF_RANGE,OUT_OF_RANGE,CONFIRM,CONFIRM,CONFIRM,CONFIRM,UNCLEAR,CONFIRM,CONFIRM,CONFIRM,CONFIRM,CONFIRM,CONFIRM,CONFIRM,CONFIRM,OUT_OF_RANGE,CONFIRM,OUT_OF_RANGE,OUT_OF_RANGE
1500,21,0,28,47,4,240,153,224,147,240,145,190,157,213,157,163,220,265,209,154,300,293,275,205,312,311,281,174,384,260,385,127,493,309,469,109,576,264,575,832,103,846,88,834,88,876,97,898,102,825,174,956,180,792,271,990,300,780,306,919,339,804,401,922,407,764,515,944,560,742,655,945,707,CONFIRM,CONFIRM,CONFIRM,CONFIRM,UNCLEAR,CONFIRM,CONFIRM,CONFIRM,CONFIRM,CONFIRM,CONFIRM,CONFIRM,CONFIRM,CONFIRM,CONFIRM,OUT_OF_RANGE,OUT_OF_RANGE,OUT_OF_RANGE,OUT_OF_RANGE,OUT_OF_RANGE,OUT_OF_RANGE,OUT_OF_RANGE,OUT_OF_RANGE,OUT_OF_RANGE,OUT_OF_RANGE,OUT_OF_RANGE,CONFIRM,OUT_OF_RANGE,OUT_OF_RANGE,OUT_OF_RANGE,CONFIRM,OUT_OF_RANGE,OUT_OF_RANGE,OUT_OF_RANGE